2312	OM NGR.(WARE HOUSE)		0	29	3	MLD
2313	VAIBHAV ASAVARI SOC.(WARE HOUSE)		0	29	73	MLD
2314	JAIN MANDIR (OM NGR.)		0	29	3	MLD
2315	KRANTI NGR.		0	29	15	MLD
2317	KURLA NAGRIK SAHAKARI BANK	D	0	638	38	GKD
2318	KENI VIDYALAYA	D	0	638	38	GKD
2322	BORIVLI PHATAK (E)		0	2	12	MGT
2323	AMBAWADI		0	2	99	MGT
2324	PARVAT NGR.		0	2	99	MGT
2325	MANAV KALYAN KENDRA		0	2	99	MGT
2326	RAJASHREE CINEMA		0	2	99	MGT
2327	ICICI BANK		0	46	58	DH
2328	CITY BANK		0	46	17	DH
2330	SWAPNA NGRY(YOGI HILL)		0	29	41	MUL
2331	KADAM PADA		0	45	41	MUL
2332	ADISHAKTI NGR.(PIPE LINE )		0	29	41	MUL
2333	S.U.PUPM(MULUND-W)		0	29	41	MUL
2335	MODEL TOWN		0	29	41	MLD
2353	PENKARPADA		0	675	99	MGT
2354	ATMARAM NGR.(SRUSHTHI)		0	29	99	MGT
2355	GANESH MANDIR		0	150	99	MGT
2356	SHANTI NGR.GATE ( MIRA RD )		0	29	8	MGT
2359	SARDAR NGR.NO 1	U	0	559	129	PR
2365	MANTRALAYA		0	332	144	BB
2369	MACCHIMAR NGR/RAHEJA HOSPITAL		0	556	86	BND
2370	MAHIM PHATAK	D	0	83	88	BND
2371	MAHIM PHATAK	U	0	83	88	BND
2372	KINNARI HALL(KANNAMWAR NGR.)		0	577	37	GKD
2373	MAHIM BUS STN.	D	0	101	86	BND
2374	MAHIM BUS STN.	U	0	101	86	BND
2381	NAVRANG TALKIES		0	117	15	OSH
2390	SANSKRITI APT.S		0	331	29	MGT
2391	SARAF CHOUDHARI NGR.		0	331	28	MGT
2392	GOKUL GARDEN		0	331	28	MGT
2393	KONARK APT.		0	49	41	MUL
2394	MERIND CO.		0	49	41	MUL
2395	DHANVANTARI HOSPITAL		0	298	41	MUL
2396	MULUND COURT		0	142	41	MUL
2397	ANDHERI MARKET		0	117	15	OSH
2399	RAMWADI		0	103	23	MJ
2419	ELCO MARKET		0	116	18	BND
2425	JIJAMATA BHOSLE MARG JN.		0	51	4	GKD
2428	TOLANI COLLEGE		0	532	23	MLD
2444	VIJAY NGR.		0	129	94	MLD
2445	GOREGAON CHECK NAKA NO.2		0	129	94	MLD
2447	SAINATH NGR.		0	131	3	MLD
2449	MAHIM KOLIWADA		0	167	86	BND
2450	SHYAM NGR.		0	103	23	MJ
2452	SARDAR PATEL NGR.(PARK STREET)		0	70	15	OSH
2453	B.S.E.S.SUB STN.(SWAMI SAMARTH NGR)		0	647	107	OSH
2454	MHADESHWAR MANDIR		0	70	15	OSH
2455	BEAUTY GURUJ		0	70	107	OSH
2456	JANKIDEVI VIDYALAYA		0	70	15	OSH
2458	MULUND DEPOT		0	403	41	MUL
2460	DHANVANTARI HOSPITAL	U	0	298	41	MUL
2470	M.M.R.D.A./FAMILY COURT		0	46	58	DH
2473	SHIVPREMI NGR.		0	383	35	VKD
2474	KULKARNI WADI		0	383	3	MLD
2476	TUNGA VILLAGE		0	310	118	MLD
2487	DR.K.B.HEDGEWAR CHK.		0	49	41	MUL
2488	BHANDUP VILLAGE JN.		0	49	41	MUL
2489	BHANDUP PUMPING CENTRE		0	290	40	MUL
2490	AIROLI TOLL NAKA		0	290	40	MUL
2491	BORIVLI STN-W (DIAMOND CINEMA)	U	0	96	2	GRD
2493	BORIVLI TEL.EXCH.		0	70	2	GRD
2495	FANTASY LAND		0	103	23	MJ
2497	TAGORE NGR.JUN		0	487	37	GKD
2501	PRABHADEVI	D	0	279	54	WLD
2516	MARIAMMAN MANDIR		0	29	27	MLV
2517	MOVIE TIME CINEMA		0	537	27	MLV
2524	AIROLI SECT.NO 10		0	290	63	DNR
2525	A.H.ANSARI CHK.	U	0	247	126	CND
2526	HIRANANDANI		0	89	118	VKD
2534	GARLIC CO.	D	0	247	126	CND
2539	BABULNATH TEMPLE		0	186	108	CND
2540	CHANDAN CINEMA		0	293	137	SD
2556	BORIVLI RLY.COMPOUND RD(E)	U	0	2	12	MGT
2557	BORIVLI STN(W)	U	0	2	2	GRD
2560	BORIVLI STN(W)	D	0	192	2	GRD
2567	R.C.F.OFFICE		0	539	176	ANK
2568	MAHUL MARKET	U	0	543	115	ANK
2569	MAHUL MARKET	D	0	543	115	ANK
2571	NANCY CLY.		0	29	12	MGT
2572	RAWAL PADA(BORIVLI-E)		0	2	12	MGT
2574	AIROLI SECT.NO 4/CORPORATION BANK		0	55	63	DNR
2575	AIROLI SECT.NO 5/SAHAKAR BAZAR		0	55	63	DNR
2577	SHEETAL SAROVAR		0	29	124	MGT
2578	JAMMU & KASHMIR BANK		0	382	8	MGT
2583	BORIVLI STN-W (DIAMOND CINEMA)		0	96	2	GRD
2590	DNYAN SARITA	U	0	298	41	MUL
2591	AMBAJI DHAM	U	0	76	41	MUL
2592	BHANDUP STN.RD.		0	50	39	VKD
2594	ASHMITA COMPLEX		0	29	8	MGT
2595	A.H.SCHOOL		0	10	8	MGT
2603	PRAPTI SCTY.		0	29	100	PD
2604	SHIMPOLI NAKA		0	277	100	PD
2605	GOREGAON CHECK NAKA NO 3		0	130	94	MLD
2607	GODREJ CO.		0	13	37	GKD
2608	KANNAMWAR NGR.-1/PRAVIN HOTEL		0	13	37	GKD
2609	BHANDUP VILLAGE		0	13	38	GKD
2613	DHARAVLI VILLAGE		0	536	173	MLV
2614	RETREAT HOTEL		0	536	173	MLV
2615	VYAS WADI		0	536	65	MLV
2616	SHIVAJI NGR.		0	536	65	MLV
2618	POLICE STN./CHHOTA KASHMIR		0	18	181	DIN
2620	FOREST CLUB		0	568	118	VKD
2621	SHETTY VIDYALAYA		0	318	118	VKD
2622	JALVAYU VIHAR		0	318	118	VKD
2624	MUNICIPAL DISP.		0	265	19	KLD
2625	PHATAK TECH.SCHOOL		0	265	19	KLD
2627	600 TENAMENT GATE		0	8	6	SHD
2628	VASUDEO B.PHADKE CHK.		0	107	98	CD
2631	GREEN PARK		0	29	93	OSH
2633	C.B.I.QRTS.		0	34	34	GKD
2637	NANA CHK.	U	0	164	104	CND
2640	MAHARASHTRA NGR.		0	43	106	DNR
2641	MAHARASHTRA NGR.	D	0	51	106	SHD
2642	MAHARASHTRA NGR.	U	0	43	106	DNR
2644	OM BUILDING		0	407	48	WLD
2645	KOPAR KHAIRANE EXTN.		0	123	130	DNR
2646	PARASIK BANK(NERUL)		0	633	102	DNR
2648	HUTATMA CHK. ( O.C.S.)	U	0	76	66	BB
2649	BORIVLI STN-W (JAYA TALKIES)	D	0	2	2	GRD
2650	DHARAMSHI HALL	U	0	2	2	GRD
2652	JAWAHAR NGR.		0	2	25	GGD
2653	RAJHANS SCTY.		0	512	2	GRD
2654	WADALA GATE NO 4/SIWS SCHOOL		0	417	79	WD
2660	A.P.M.COMPLEX		0	11	9	DNR
2661	MATHADI BHAVAN/COMMODITY EXCHANGE		0	29	9	DNR
2662	DANA BAZAR		0	29	9	DNR
2663	SAMAJ MANDIR HALL/SECT.10(VASHI)		0	123	9	DNR
2664	VASHI SECT.NO.10/15		0	123	9	DNR
2665	MODERN USHA CLY.		0	29	27	MLV
2669	AIROLI SECT.NO 5		0	303	63	DNR
2670	AIROLI SECT.NO 9		0	303	63	DNR
2684	RANI LAXMIBAI CHK.	D	0	168	67	PR
2685	RANI LAXMIBAI CHK.	U	0	168	67	PR
2686	RANI LAXMIBAI CHK.	D	0	169	67	DH
2687	COLABA BUS STN.	U	0	257	53	CD
2688	GOL MANDIR	U	0	70	186	CND
2689	KHAMBATA LANE	D	0	118	149	CD
2691	JAMBLI MOHALLA		0	373	152	CD
2693	BANK OF INDIA	D	0	116	18	BND
2697	JAMBHULPADA		0	128	35	VKD
2700	BHANDUP STN.RD.	U	0	50	39	VKD
2701	MITHAGAR		0	13	40	MUL
2702	HELAN KELAR INSTITUTE		0	529	136	DNR
2703	NANIPADA JUN.(MITHAGHAR MG-MULUND-E		0	252	40	MUL
2706	ASHIRVAD HOSPITAL		0	377	99	MGT
2707	SHIV BHAVANI		0	154	99	MGT
2708	CORPORATION BANK		0	504	99	MGT
2709	SHAKTI NGR.		0	508	99	MGT
2710	SOMPURI MARKET	U	0	464	20	SD
2711	DARPAN CINEMA/ SAI SERVICE	U	0	53	3	MLD
2712	BAHAR CINEMA	U	0	53	3	MJ
2713	NEW HINDUSTAN DORR	D	0	437	3	MLD
2714	AGARWADI		0	43	56	DNR
2715	GAMMON HOUSE	D	0	55	48	WLD
2716	DOCKYARD RD.RLY.STN.		0	71	123	CND
2717	JAWAHAR NGR.	U	0	376	25	GGD
2719	GOVERDHAN NGR./ BORSAPADA		0	624	29	PD
2720	PUNCHASHEEL APT.		0	624	29	PD
2721	RASHMI-RATHI SCTY.		0	624	169	PD
2722	GANESH SCTY.		0	29	29	PD
2723	BHABREKAR NGR.NO 1		0	29	29	PD
2724	BHABREKAR NGR.NO.2		0	29	29	PD
2726	PRASANNA JEEVAN SCTY.		0	192	2	GRD
2727	JAMBHULPADA/SHIVASENA OFFICE	D	0	369	35	VKD
2729	MAYUR NGR.		0	29	11	DIN
2730	CENTRAL DAIRY TABELA		0	29	181	DIN
2733	MAHARSHI ARVIND CHK.		0	361	41	MUL
2735	A.T.I.	D	0	280	30	ANK
2739	KRISHNA BAUG/FINE ARTS AUDITORIUM	U	0	178	128	SHD
2741	SHIVDHAM (RUSHI COMPLEX)		0	29	90	GRD
2744	GHODAPDEV		0	71	72	WD
2746	VAKOLA POLICE STN(HANUMAN MANDIR)		0	53	19	KLD
2747	GHATKOPAR STN.(E)-2		0	201	34	GKD
2748	K.C.CO.		0	56	39	VKD
2749	GREEN LAWN ACADEMY		0	693	8	MGT
2750	HITCO		0	693	151	MGT
2751	SWATANTRYAVEER SAVARKAR CHK-BHY(E)		0	333	8	MGT
2752	ADARSH HIGH SCHOOL		0	454	121	ANK
2753	TAGORE NGR.NO.5		0	143	37	GKD
2755	R.C.F.CLY.(BHANDUP VILLAGE-E)	D	0	638	38	GKD
2756	R.B.I.CLY.(BHANDUP VILLAGE-E)	D	0	638	38	GKD
2757	STATE BANK(BHANDUP VILLAGE)	U	0	48	38	GKD
2762	EKTA VIVEK BLDG.		0	29	90	GRD
2763	KANDER PADA- LINK RD.		0	29	90	GRD
2764	NATIONAL COLLEGE		0	2	18	BND
2765	KHODADAD CIRCLE (DADAR WORKSHOP)	D	0	96	84	WD
2766	N.SUBHASHCHANDRA BOSE KRIDANGAN		0	624	169	PD
2767	MILLENNIUM BUSINESS PARK	U	0	529	136	DNR
2772	MERCHANT BROTHERS	D	0	29	29	PD
2774	AGARWAL MUNICIPAL HOSPITAL		0	45	41	MUL
2775	MULUND RLY.STN.(W)		0	45	41	MUL
2777	BEST NGR.		0	136	25	GGD
2780	HANUMAN TEKDI		0	152	99	MGT
2781	MUNICIPAL MARKET/SAIBABA MANDIR		0	152	12	MGT
2786	KURAR VILLAGE EXTN.		0	689	26	DIN
2788	BELA NIVAS	D	0	82	3	MLD
2789	BELA NIVAS	U	0	82	3	MLD
2790	MULUND RLY.STN.(W)	D	0	76	41	MUL
2791	ANDHERI STN.(W) (KUMKUM)		0	155	15	OSH
2792	CATERING COLLEGE		0	55	54	WLD
2794	MAHIM PHATAK		0	312	111	DH
2796	MULUND RLY.STN.(W)	U	0	45	41	MUL
2799	NOORANI MASJID (PATHANWADI)		0	157	26	DIN
2801	HIGHLAND PARK		0	86	41	MUL
2803	MUNICIPAL CLY.SECT.-B		0	272	105	DIN
2805	KHINDIPADA		0	78	41	MUL
2806	KHINDIPADA (DARGH)		0	78	41	MUL
2807	BELA NIVAS		0	82	3	MLD
2809	KOKANI PADA		0	394	26	DIN
2813	DHOBI GHAT(CUFF PARED)	U	0	33	50	BB
2815	VASANTRAO NAIK CHK.	U	0	401	61	CND
2823	MUN.WARD OFFICE/AMBEDKAR GARDEN	U	0	459	128	SHD
2827	CHUIM VILLAGE		0	190	18	BND
2830	GANESH MANDIR		0	519	110	PD
2835	RAMGAD (ANITA NGR.)		0	29	28	DIN
2836	I.E.S.VIDYALAYA		0	352	40	MUL
2837	SHREEJI AVENUE SCTY.(GAWANPADA)		0	29	40	MUL
2838	HOLY ANGLE VIDYALAYA		0	324	40	MUL
2839	MULUND RLY.STN.(W)	U	0	298	41	MUL
2840	MULUND RLY.STN.(W)	D	0	402	41	MUL
2841	SHIVAJI NGR.JN.	U	0	51	106	SHD
2844	DARPAN CINEMA/ SAI SERVICE	D	0	53	3	MLD
2845	YOGI HILLS (MULUND-W)		0	29	41	MUL
2847	SUNDER NGR.		0	693	8	MGT
2848	BEVERLY PARK		0	333	8	MGT
2849	JAIN MANDIR		0	2	29	PD
2850	NARSIPADA		0	260	28	DIN
2851	PIPE LINE		0	86	41	MUL
2852	SHIVAJI CHK.		0	344	41	MUL
2855	DR.SHAMAPRASAD MUKHERJI GARDEN		0	192	2	GRD
2856	AJARA BANK		0	29	113	GRD
2857	PEPSI GARDEN		0	29	113	GRD
2858	RAM NGR.		0	210	100	PD
2859	HARIDAS NGR.		0	210	100	PD
2860	ANKUR PALACE		0	210	100	PD
2861	NANA CHK.		0	40	104	CND
2862	BHARAT NGR.		0	17	80	SD
2863	NATASHA TOWER		0	17	135	OSH
2864	NANA-NANI PARK		0	17	15	OSH
2870	KANDIVLI STN.RD.(W)	D	0	2	29	PD
2872	BHAVISHYA NIDHI BHAVAN		0	519	110	PD
2873	THAKUR CINEMA		0	29	28	DIN
2874	THAKUR COLLEGE		0	29	28	DIN
2875	SAMATA NGR.(KANDIVLI-E)		0	509	28	DIN
2876	SAMATA NGR.BUS STN.	D	0	29	28	DIN
2878	DATTAPADA PHATAK		0	294	12	MGT
2879	BORIVLI STN(E)	D	0	76	12	MGT
2880	PATIDAR CLY.		0	29	12	MGT
2881	MULUND RLY.STN.(W)		0	70	41	MUL
2883	MULUND RLY.STN.(W)	U	0	76	41	MUL
2884	DHANVANTARI HOSPITAL	D	0	298	41	MUL
2887	KANNAMWAR NGR.HOSPITAL		0	29	37	GKD
2888	YOGI HOTEL		0	15	2	GRD
2889	KANDIVLI STN.(W)	U	0	199	29	PD
2890	KANDIVLI STN.(W)	U	0	389	29	PD
2891	NEW GAUTAM NGR.		0	77	76	SHD
2892	BAHALEPADA		0	214	105	DIN
2893	NIMBORPADA		0	214	105	DIN
2895	GEN.A.K.VAIDYA MARG JUN.	U	0	53	105	DIN
2896	SANJAY NGR.		0	29	26	DIN
2897	ASSISI NGR.		0	77	106	SHD
2899	ALLAHABAD BANK	D	0	200	3	MJ
2903	LOKMANYA TILAK TERMINUS		0	29	180	GKD
2904	DERASAR LANE	U	0	296	34	GKD
2905	AAMCHI SHALA		0	545	180	GKD
2908	DR.AMBEDKAR GARDEN	U	0	211	128	SHD
2912	SHIVAJI NGR.JN.	D	0	51	106	SHD
2926	DATTA MANDIR(SHIMPOLI)		0	264	100	PD
2927	NGRYNIWARA PLOT NO.5		0	29	105	DIN
2928	NGRYNIWARA VIDYALAYA		0	29	105	DIN
2929	NGRYNIWARA BLDG.NO.16-C		0	29	105	DIN
2933	KANDIVLI STN.(W)	U	0	203	29	PD
2934	KANDIVLI STN.(W)	D	0	203	29	PD
2936	GAUTAM NGR.		0	271	3	MLD
2937	DR.AMBEDKAR CLY./18TH RD KHAR		0	119	5	BND
2938	KHAR 14TH RD		0	119	5	BND
2939	10TH RD.		0	211	4	SHD
2940	PETIT GIRL'S SCHOOL		0	557	18	BND
2941	MAMA HOTEL		0	97	5	BND
2942	AMBEWADI (GOLIBAR)		0	213	19	DH
2943	GOLIBAR MARG(A.HAMID CHK)		0	213	19	KLD
2944	4TH RD.( GOLIBAR )		0	212	16	DH
2945	NGRYNIWARA ZONE 1 & 2		0	29	105	DIN
2946	MUNICIPAL CLY.SECT.-D		0	272	105	DIN
2947	NGRYNIWARA ZONE 1 & 2 GATE		0	29	105	DIN
2949	MITHA NGR.		0	76	25	GGD
2950	BANGUR HALL		0	532	25	GGD
2951	DWARKADHISH SCTY.		0	532	25	GGD
2952	KAVERI MAHIMA SOC.(GOREGAON-W)		0	76	25	GGD
2953	KRISHNA LEELA C.H.S.		0	76	25	GGD
2954	SUBHASH NGR.		0	24	128	SHD
2955	DR.AMBEDKAR GARDEN BUS STN.	D	0	211	128	SHD
2956	DR.AMBEDKAR GARDEN BUS STN.		0	211	128	SHD
2962	VEER KOTWAL UDN. (PLAZA)	U	0	98	85	WLD
2963	THAKUR VILLAGE		0	29	28	DIN
2964	MERCURY BLDG.		0	29	28	DIN
2966	MUMBAI VETERINARY COLLEGE		0	21	47	
2968	MINT CLY.		0	21	47	
2975	HANUMAN NGR.		0	272	105	DIN
2976	HANUMAN NGR.	D	0	214	105	DIN
2977	HANUMAN MANDIR		0	47	178	VKD
2978	NAGBABA MANDIR (KAILAS COMPLEX)		0	273	36	VKD
2980	GURU NANAK SCHOOL		0	29	36	VKD
2981	VARSHA NGR.		0	273	36	VKD
2982	MUNICIPAL GARDEN		0	273	36	VKD
2983	KAIALSH INDL.EST.		0	273	36	VKD
2985	ADITYA APT.S		0	276	2	PD
2986	GANESH CHK.		0	519	29	PD
2987	NIRLON SCTY.		0	30	25	GGD
2989	AMARNATH PATIL SPORT COMP/BANGANGA		0	232	76	DNR
2991	SHUBHAM PALACE(SECT.7 )		0	123	130	DNR
2992	FISHER ROSE MOUNT CO.		0	43	102	DNR
2993	CHHEDA NGR.		0	13	4	GKD
2994	MAHATMA PHULE MARKET	D	0	1	101	CD
2995	KALA NGR.	D	0	356	17	DH
2996	KALA NGR.		0	46	17	DH
2998	TOWNSHIP MUNICIPAL SCHOOL		0	27	27	MLV
3000	SHIVAJI CHK.		0	244	21	MJ
3001	M.S.E.B.OFFICE		0	123	130	DNR
3002	BIMBISAR NGR.		0	53	23	DIN
3003	NEIGHBOUR HOOD SCTY.		0	29	28	PD
3004	GREEN HILL GATE NO.4		0	29	28	PD
3005	SANTOSH NGR.EXTN.		0	214	105	DIN
3007	KHODADAD CIRCLE (PRITAM HOTEL)	U	0	399	84	WD
3008	KHODADAD CIRCLE (BHAVE CHK.)	D	0	97	84	WD
3009	KHODADAD CIRCLE (PRITAM HOTEL)		0	399	84	WD
3010	GHATKOPAR STN.(W)	U	0	400	35	VKD
3011	MUMBAI CENTRAL STN.		0	100	156	CND
3012	MUMBAI CENTRAL STN./RESERVE BANK		0	398	156	CND
3013	MUMBAI CENTRAL STN.(S.T.DEPOT)	D	0	401	156	CND
3015	AMBAJI DHAM	D	0	76	41	MUL
3016	MAHARSHI ARVIND CHK.	U	0	403	41	MUL
3017	MAHARSHI ARVIND CHK.	D	0	403	41	
3018	MULUND RLY.STN.(W)	D	0	298	41	MUL
3019	P.MOHD.RAFI CHK.		0	116	18	BND
3020	AHILYABAI HOLKAR CHK.	U	0	353	60	BB
3021	GAUTAM NGR.		0	358	3	MLD
3022	B.H.E.L.CO.		0	357	3	MLD
3023	COM.GULABRAO GANACHARYA CHK.		0	228	117	WLD
3024	P.THAKRE CHK.		0	38	85	WLD
3025	DR.SHAMAPRASAD MUKHERJI CHK.		0	141	53	CD
3026	JIJAMATA UDN.		0	415	7	WD
3028	RAM GANESH GADKARI CHK.	D	0	98	14	WLD
3029	RAM GANESH GADKARI CHK.	U	0	99	14	WLD
3033	BHAGATSINGH NGR./SEJAL PARK		0	136	25	GGD
3034	DR.SHAMAPRASAD MUKHERJI CHK.	D	0	332	53	CD
3035	KHALSA COLLEGE		0	418	133	PR
3036	WADALA FLY OVER BRIDGE		0	158	52	PR
3037	DNYANESHWAR NGR.	U	0	88	47	WD
3038	DNYANESHWAR NGR.	D	0	231	47	WD
3039	WADALA CHURCH		0	420	79	PR
3040	WADALA STN.(W)		0	423	79	WD
3041	RUIA COLLEGE		0	316	84	PR
3043	KAMANI	U	0	427	33	KLD
3044	KAMANI	D	0	50	33	KLD
3045	MAROLNAKA/MATA RAMABAI AMBEDKAR CHK	U	0	129	3	MLD
3046	MAROLNAKA/MATA RAMABAI AMBEDKAR CHK	D	0	82	3	MLD
3047	DR.AMBEDKAR UDN., POWAI		0	310	118	MLD
3048	MORARJI NGR.		0	428	164	MLD
3049	DR.DATTA SAMANT CHK./SAKI NAKA		0	310	3	MLD
3050	RAM GANESH GADKARI CHK.		0	263	14	WLD
3051	AMAR MAHAL		0	13	4	GKD
3052	POLICE CAMP		0	407	48	WLD
3053	WORLI SEA FACE (S)		0	407	48	WLD
3054	R.T.O.OFFICE/DARGAH		0	407	48	WLD
3055	FLORA HOTEL/WATUMAL ENGG.COLLEGE		0	407	48	WLD
3056	LOKSHAHIR SATHE UDN./SUMAN NGR.		0	13	128	ANK
3057	NAHUR VILLAGE		0	430	41	MUL
3058	BABASAHEB WORLIKAR CHK.	D	0	279	48	WLD
3059	JUHU HOTEL	U	0	242	80	SD
3061	VILE PARLE		0	431	22	SD
3062	VILE PARLE	D	0	2	22	SD
3063	INDIAN OIL NGR.		0	493	15	OSH
3065	VAKOLA POLICE STN.		0	201	19	KLD
3066	VAKOLA POLICE STN.	D	0	53	19	KLD
3067	KURLA DEPOT		0	248	31	KLD
3068	LOKHANDWALA COMPLEX JN.		0	564	93	OSH
3069	CHAKALA	D	0	436	3	MLD
3070	CHAKALA	U	0	82	3	MLD
3071	OMKARESHWAR MANDIR	U	0	53	12	MGT
3072	OMKARESHWAR MANDIR	D	0	53	12	MGT
3073	BORIVLI STN(E)		0	438	12	MGT
3074	BORIVLI STN(E)	U	0	251	12	MGT
3075	REAY RD.BRIDGE	U	0	71	154	WD
3076	SHANTARAM PUJARE CHK.	U	0	339	72	WD
3077	SHANTARAM PUJARE CHK.	D	0	97	72	WD
3078	SHREE RAM MILL		0	148	48	WLD
3079	ACHARYA ATRE CHK.		0	313	48	WLD
3080	ACHARYA ATRE CHK.	U	0	313	48	WLD
3081	ACHARYA ATRE CHK.	D	0	295	48	WLD
3082	MAHARANA PRATAP CHK./POST OFFICE		0	156	89	CND
3083	A.H.ANSARI CHK.		0	253	74	CND
3084	A.H.ANSARI CHK.	U	0	365	74	CND
3085	VASANTRAO NAIK CHK.	U	0	434	61	CND
3086	VASANTRAO NAIK CHK.	D	0	401	61	CND
3087	GANDHI NGR.		0	148	48	WLD
3088	BHARATMATA CINEMA/MAHADEV PALAV MG		0	421	112	WLD
3089	BABASAHEB WORLIKAR CHK.		0	60	48	WLD
3090	SHREE RAM MILL	U	0	148	48	WLD
3091	SHREE RAM MILL	U	0	295	48	WLD
3092	ACHARYA ATRE CHK.	U	0	295	48	WLD
3094	SHANTARAM PUJARE CHK.	U	0	97	72	WD
3095	J.V.P.D.BUS STN.		0	17	137	SD
3096	SHREE RAM MILL	D	0	148	48	WLD
3097	MAHARANA PRATAP CHK.		0	446	89	CND
3098	PT.PALUSKAR CHK.	U	0	69	71	CND
3099	PT.PALUSKAR CHK.	D	0	124	71	CND
3102	VASANTRAO NAIK CHK.	D	0	61	61	CND
3103	P.THAKRE CHK.	U	0	38	85	WLD
3104	P.THAKRE CHK.	D	0	263	85	WLD
3105	MAHESHWARI UDN.		0	88	133	PR
3106	VASANTRAO NAIK CHK.	D	0	434	61	CND
3107	ACHARYA GARDEN/ DIAMOND GARDEN	U	0	211	128	SHD
3108	ACHARYA GARDEN/ DIAMOND GARDEN	D	0	23	128	SHD
3109	LOKMANYA TILAK HOSPITAL	U	0	448	67	PR
3110	LOKMANYA TILAK HOSPITAL	D	0	561	67	PR
3111	GHATKOPAR STN.(W)		0	400	35	VKD
3112	GEN.A.K.VAIDYA MARG JUN.		0	167	105	DIN
3113	CHAKALA (SATAMWADI)		0	86	3	MLD
3114	POST & TELEGRAPHS		0	61	41	MUL
3115	VASUDEO B.PHADKE CHK.	D	0	76	98	CD
3117	VASUDEO B.PHADKE CHK.	D	0	107	98	CD
3118	VASUDEO B.PHADKE CHK.	U	0	107	98	CD
3119	HUTATMA CHK./MUMBAI UNIVERSITY	U	0	305	66	CD
3120	HUTATMA CHK. (PAY & PARK)	U	0	305	66	CD
3121	PAREL S.T.DEPOT/SANT ROHIDAS CHK.	D	0	263	140	WLD
3122	PAREL S.T.DEPOT/SANT ROHIDAS CHK.		0	450	140	WLD
3123	PAREL S.T.DEPOT/SANT ROHIDAS CHK.	D	0	306	140	WLD
3124	SAYANI MARG	U	0	306	103	WLD
3125	PAREL S.T.DEPOT/SANT ROHIDAS CHK.	U	0	450	140	WLD
3127	NOORBAUG		0	451	142	CD
3128	JOHAR CHK.		0	70	101	CND
3131	VASANTRAO NAIK CHK.	U	0	61	61	CND
3132	VASANTRAO NAIK CHK.	D	0	118	61	CND
3133	VASANTRAO NAIK CHK.		0	118	61	CND
3134	VASANTRAO NAIK CHK.	U	0	118	61	CND
3135	DEEPAK CINEMA	D	0	83	140	WLD
3137	THAKURDWAR	D	0	124	91	CD
3138	GOL MANDIR		0	391	186	CND
3139	ALANKAR TALKIES	U	0	118	101	
3140	TWO TANKS	U	0	40	101	CND
3141	TWO TANKS	D	0	73	101	CND
3143	M.I.D.C.ELECTRONIC ZONE		0	195	136	DNR
3144	VIKHROLI STN.RD.(E)		0	476	37	GKD
3145	CHARNI RD.RLY.STN.		0	456	91	CD
3147	MAHATMA PHULE MARKET	D	0	483	101	CD
3148	DR.SHAMAPRASAD MUKHERJI CHK.	U	0	332	53	CD
3149	Y.B.CHAVAN PRATISHTHAN/MANTRALAYA		0	490	144	BB
3150	AHILYABAI HOLKAR CHK.		0	60	60	BB
3151	SAKHAR BHAVAN	D	0	444	144	BB
3152	N.C.P.A.		0	492	144	BB
3153	N.C.P.A.	U	0	204	144	BB
3154	J.V.P.D.BUS STN.	D	0	114	137	SD
3155	J.V.P.D.BUS STN.	U	0	122	137	SD
3156	UTPAL SANGHAVI SCHOOL	U	0	293	137	SD
3157	CHANDAN CINEMA	U	0	293	137	SD
3158	SAIBABA MANDIR/KOKAN BANK		0	309	106	SHD
3159	A.H.ANSARI CHK.	D	0	97	74	CND
3160	A.H.ANSARI CHK./ NEW NAGPADA	U	0	9	74	CND
3162	A.H.ANSARI CHK.	U	0	97	74	CND
3165	MAJESTIC CINEMA		0	124	91	BB
3166	THAKURDWAR		0	456	91	BB
3168	MUSTAFA BAZAR/SAVLYA TANDEL CHK.		0	156	89	CND
3169	DR.AMBEDKAR UDN., POWAI	D	0	89	118	VKD
3170	DR.AMBEDKAR UDN., POWAI	U	0	310	118	MLD
3172	ANAND NGR.		0	154	99	MGT
3173	N.L.COMPLEX JUN.		0	503	99	MGT
3174	ANAND NGR.		0	503	99	MGT
3175	SUDHINDRA NGR.		0	508	99	MGT
3178	SHREE KOTESHWARI MANDIR		0	29	28	DIN
3179	DATTANI PARK(INSIDE)		0	29	28	DIN
3180	VOICE ROY PARK		0	29	28	DIN
3183	NOVELTY SILK MILL	D	0	258	99	MGT
3184	NOVELTY SILK MILL	D	0	2	99	MGT
3185	OMKARESHWAR MANDIR		0	53	12	MGT
3186	BORIVLI STN(E)		0	108	12	MGT
3188	KETAKI PADA	D	0	53	99	MGT
3192	NOVELTY SILK MILL	U	0	2	99	MGT
3194	OMKARESHWAR MANDIR	U	0	76	12	MGT
3196	JAGAT SATGURU INDL.EST.		0	484	11	DIN
3198	PRAVASI INDL.EST.		0	484	11	DIN
3199	BORIVLI STN(E)		0	439	12	MGT
3201	VIDYA MANDIR		0	258	99	MGT
3202	SAVE NGR.		0	258	99	MGT
3203	NOVELTY SILK MILL	U	0	258	99	MGT
3204	BORIVLI STN(E)		0	251	12	MGT
3205	BORIVLI STN(E)	D	0	438	12	MGT
3206	BORIVLI STN(E)	U	0	438	12	MGT
3207	BORIVLI STN(E)	U	0	76	12	MGT
3208	OMKARESHWAR MANDIR	D	0	76	12	MGT
3209	OMKARESHWAR MANDIR		0	108	12	MGT
3210	OMKARESHWAR MANDIR	D	0	108	12	MGT
3211	BORIVLI STN-W (JAYA TALKIES)		0	2	2	GRD
3212	ANTOP HILL EXTN.		0	532	114	PR
3213	ANTOP HILL SECT.7/CPWD OFFICE		0	532	114	PR
3215	MUNICIPAL CLY.		0	29	36	VKD
3216	Y.B.CHAVAN MARG JN.(VASHI)		0	123	9	DNR
3217	ALANKAR CINEMA		0	118	75	CND
3221	GIRIDHAR PARK	D	0	27	27	MLV
3222	BAFIRA NGR.	D	0	29	27	MLV
3223	MALAD STN-W(KASTURBA CHKY)	U	0	515	27	MLV
3224	MALAD STN RD.(W)	D	0	2	27	MLV
3226	MAHARANA PRATAP CHK.	U	0	446	89	CND
3227	MAHARANA PRATAP CHK.	D	0	365	89	CND
3228	MAHARANA PRATAP CHK./POST OFFICE		0	468	89	CND
3231	MAHIM ( PARADISE )		0	99	88	BND
3232	MAHIM	U	0	99	88	BND
3233	MAHIM	D	0	99	88	BND
3234	MAHIM ( PARADISE )	U	0	99	88	BND
3235	MAHIM ( PARADISE )	D	0	99	88	BND
3236	KETAKI PADA		0	507	99	MGT
3238	SEWREE RLY.PHATAK		0	32	157	PR
3239	I.B.P.CO.		0	32	157	PR
3240	KARTVYA NGR.		0	32	157	PR
3241	GARLIC CO.	U	0	247	126	CND
3242	SUNDER GALLI	U	0	247	126	CND
3245	NAVRANG TALKIES	U	0	520	15	OSH
3246	NAVRANG TALKIES	D	0	117	15	OSH
3249	MAHESHWARI UDN.	U	0	97	133	PR
3250	MAHESHWARI UDN.	D	0	257	133	PR
3251	WADALA CHURCH		0	423	79	WD
3254	WADALA STN.(W)	U	0	88	79	WD
3255	WADALA STN.(W)	D	0	88	79	WD
3256	WADALA STN.(W)	U	0	423	79	WD
3258	KANDIVLI STN.(W)	D	0	204	29	PD
3260	KANDIVLI STN.(W)		0	526	29	PD
3261	KANDIVLI STN.(W)		0	389	29	PD
3262	AHILYABAI HOLKAR CHK.	D	0	527	60	BB
3263	AHILYABAI HOLKAR CHK.		0	384	60	BB
3264	AHILYABAI HOLKAR CHK.	D	0	384	60	BB
3266	AHILYABAI HOLKAR CHK.		0	528	60	BB
3267	SEWREE COURT		0	367	47	WD
3268	SEWREE COURT	D	0	367	47	WD
3270	CHINCHWADI/GARTEN PADA NO.1		0	507	99	MGT
3271	MILLENNIUM BUSINESS PARK	D	0	530	136	DNR
3272	USHMA NGR.		0	29	27	MLV
3273	SALASAR HANUMAN MANDIR		0	29	27	MLV
3279	DHARAVI PILA BUNGALOW/ KOLIWADA		0	550	111	DH
3280	GARWARE CHK.		0	413	3	MLD
3281	WORLI SEA FACE (N)	D	0	46	48	WLD
3282	WORLI SEA FACE (N)	U	0	381	48	WLD
3283	GOREGAON TEL.EXCH.		0	66	11	DIN
3286	PAYDHUNI	U	0	531	101	CD
3289	MUMBAI CENTRAL STN.	U	0	401	156	CND
3290	J.V.P.D.BUS STN.		0	122	137	SD
3291	J.V.P.D.BUS STN.		0	120	137	SD
3292	MHADA CLY.,MALVANI	U	0	29	96	MLV
3293	SAI SHRADHA SHOPING CENTRE	U	0	29	96	MLV
3294	RAVIKIRAN SCTY.	U	0	29	96	MLV
3295	GURUDWAR		0	29	96	MLV
3297	NEW LINK RD.JN.		0	643	29	PD
3298	EKTA NGR.	U	0	598	29	PD
3301	EKTA SCTY.		0	29	94	MLD
3302	MAHARSHI ARVIND CHK.		0	403	41	MUL
3303	MINI NGR.		0	312	99	MGT
3304	BLOSSOM CO.		0	74	94	MLD
3305	GHATKOPAR STN.(W)	D	0	400	35	VKD
3306	GHATKOPAR POST OFFICE	D	0	76	35	VKD
3307	GHATKOPAR POST OFFICE	U	0	76	35	VKD
3308	SARVODAYA HOSPITAL	U	0	50	35	VKD
3309	GHATKOPAR STN.(W)	U	0	328	35	VKD
3312	GHATKOPAR STN.(W)		0	534	35	VKD
3314	CHAKALA	D	0	82	3	MLD
3315	CHAKALA	U	0	436	3	MLD
3316	SEWREE POLICE STN/DARUKHANA		0	351	146	WD
3317	DR.RAVINDRA KULKARNI CHK/SASMIRA		0	22	48	WLD
3318	RAJAN PADA		0	30	27	MLV
3319	MARVE VILLAGE	U	0	27	174	MLV
3320	MARVE VILLAGE	D	0	536	174	MLV
3321	MARVE VILLAGE	D	0	27	174	MLV
3322	ASMITA JYOTI	U	0	30	96	MLV
3323	ASMITA JYOTI	D	0	27	96	MLV
3324	MARVE VILLAGE	U	0	538	174	MLV
3327	MITH CHKY	D	0	30	27	MLV
3328	PODDAR HOSPITAL/SIDDHARTH NGR.	U	0	22	48	WLD
3330	PODDAR HOSPITAL/SIDDHARTH NGR.	D	0	317	48	WLD
3331	PODDAR HOSPITAL/SIDDHARTH NGR.	U	0	317	48	WLD
3332	PODDAR HOSPITAL/SIDDHARTH NGR.	D	0	22	48	WLD
3333	KURLA S.T.DEPOT	D	0	544	30	ANK
3334	KURLA S.T.DEPOT	U	0	280	30	ANK
3335	BPCL SPORTS CLUB		0	543	115	ANK
3336	VISHNU NGR.		0	320	176	ANK
3338	KAMAL TOWING CO.		0	539	176	ANK
3339	R.C.F.		0	539	176	ANK
3340	ST.XAVIERS TECH.INSTITUTE	D	0	556	86	BND
3341	ST.XAVIERS TECH.INSTITUTE	U	0	556	86	BND
3342	GALAXY VIEW BLDG		0	532	114	PR
3344	BMC WARD OFFICE		0	461	167	PR
3345	LOKMANYA TILAK HOSPITAL		0	461	67	PR
3346	MATUNGA LABOUR CAMP		0	312	111	DH
3347	PIONEER HIGH SCHOOL		0	461	167	PR
3348	ANDHERI FIRE BRIGADE		0	2	15	SD
3349	SANTACRUZ STN RD	D	0	551	20	SD
3350	SANTACRUZ STN RD/KASHIBAI HOSP.	D	0	552	20	SD
3351	SANTACRUZ STN RD/ KASHIBAI HOSP.	U	0	552	20	SD
3352	SANTACRUZ STN RD/KASHIBAI HOSP.	D	0	2	20	SD
3353	BANDRA TALAO	D	0	2	18	BND
3354	MOTI MAHAL		0	499	18	BND
3355	MULJINGR.		0	443	29	PD
3356	SARDAR NGR.NO 2	U	0	337	129	PR
3357	SARDAR NGR.NO 2	D	0	337	129	PR
3358	KANDIVLI STN.(W)		0	203	29	PD
3359	KALA MARUTI MANDIR		0	76	29	PD
3360	DAHISAR PHATAK (W)		0	512	90	GRD
3361	BORIVLI PHATAK (W)		0	512	2	GRD
3362	AVDHUT NGR.		0	154	99	MGT
3363	N.L.COMPLEX/RIDDHI SIDDHI SOC.		0	503	99	MGT
3364	KHERANI BAUG		0	383	94	MLD
3365	RAWLICAMP		0	425	114	PR
3366	SARDAR NGR.NO 1	D	0	559	129	PR
3367	MAHARASHTRA KATA		0	128	92	MLD
3368	Y.B.CHAVAN PRATISHTHAN/MANTRALAYA	U	0	490	144	BB
3369	VIDHAN BHAVAN	U	0	491	144	BB
3372	BANWARI COMPOUND		0	550	111	DH
3373	FOUR BANGALOWS		0	485	15	OSH
3375	INDIAN OIL NGR.		0	51	106	SHD
3376	DEONAR POLICE STN.		0	29	76	SHD
3377	ANUSHAKTI NGR.	D	0	23	82	DNR
3379	ANUSHAKTI NGR.BUS STN.		0	23	82	DNR
3380	ANUSHAKTI NGR.BUS STN.	U	0	23	82	DNR
3382	ANUSHAKTI NGR.	U	0	23	82	DNR
3383	CANTEEN STORES DEPARTMENT		0	256	146	PR
3386	S.R.A.CLY.(RAM MANDIR)		0	29	25	GGD
3387	MOVIE STAR TALKIES		0	566	25	GGD
3388	ARIHANT INDL.EST.		0	29	25	GGD
3390	RAM MANDIR	D	0	2	25	GGD
3392	YASHODHAM		0	567	19	SD
3393	KALA NGR.	U	0	145	17	DH
3396	ACHARYA VIDYANIKETAN		0	539	115	ANK
3397	STATE BANK		0	129	94	MLD
3398	ZAKERIA MASJID	U	0	368	101	CND
3402	P.MOHD.RAFI CHK.(SAGA DEPT.STORES)	D	0	2	18	BND
3403	SOMPURI MARKET	D	0	464	20	SD
3404	SANTACRUZ STN.RD.		0	551	20	
3408	ANDHERI BUS STN.(W)		0	155	15	OSH
3409	ANDHERI STN.(W)	U	0	2	15	OSH
3411	L.I.C.OFFICE		0	379	2	GRD
3412	RAMESHWAR BANK		0	608	2	GRD
3413	SHIMPOLI TEL.EXCHANGE		0	570	2	GRD
3414	BEST OFFICER QUARTERS		0	571	113	GRD
3415	SWAMI VIVEKANAND VIDYALAYA		0	571	113	GRD
3416	BEST OFFICER QUARTERS		0	572	113	GRD
3417	SIDDHARAJ SCTY.		0	532	12	MGT
3418	RUSHIVAN		0	532	12	MGT
3419	SHREE SAI HOSPITAL		0	532	28	DIN
3420	GOREGAON CHECK NAKA NO 1		0	132	11	DIN
3421	SAMANA PARIVAR		0	575	105	DIN
3422	SANKALP SCTY.,NGRYNIWARA		0	575	105	DIN
3423	SUYASH SHOPPING CENTRE		0	29	105	DIN
3425	SHIVSHAI PRAKALP/MANTRI PARK		0	532	105	DIN
3426	NIMKAR SCTY.		0	29	41	MUL
3427	COLABA BUS STN.		0	257	53	CD
3428	SANJAY NGR.		0	66	23	MJ
3429	BANK OF BADODA		0	56	23	MJ
3430	ANDHERI STN.(W)	U	0	576	15	OSH
3431	ANDHERI STN.(W)	D	0	2	15	OSH
3432	ANDHERI STN.(W) ( M.A )		0	155	15	OSH
3433	IRANI BRIDGE		0	124	71	ANK
3434	IRANI BRIDGE	U	0	124	71	BB
3435	SATPUDA SCTY.		0	532	105	DIN
3436	BORIVLI MARKET		0	108	12	MGT
3437	GIRISHIKHAR	D	0	532	12	MGT
3440	BIMBISAR NGR.		0	66	23	MJ
3441	N.S.C. COMPOUND		0	66	23	MJ
3443	HINDU CEMETARY		0	351	146	PR
3444	S.K.PATIL GARDEN	D	0	353	166	BB
3445	SUKH SAGAR		0	70	71	BB
3446	HEMA PARK		0	55	38	GKD
3447	D.A.V.COLLEGE		0	55	38	GKD
3448	UDAY SHREE MARG	D	0	638	38	GKD
3450	BALLARD PIER		0	578	66	CD
3451	CHAR NAL		0	70	101	CD
3452	RLY.ACCIDENT COURT		0	54	66	CD
3454	INS ASHWINI HOSPITAL		0	364	53	CD
3460	VASHINAKA M.M.R.D.A.CLY.		0	579	128	ANK
3461	VINAY HIGH SCHOOL		0	579	128	ANK
3462	S.R.A.CLY.,MANKHURD(LALLUBHAI COM		0	29	56	SHD
3463	LALLUBHAI COMPOUD POLICE CHK.EY		0	29	56	SHD
3464	CHEMBUR NAKA/SWAMI VIVEKANAND CHK.		0	178	128	DNR
3465	NAHUR RLY.STN.		0	413	178	MUL
3466	NAHUR RLY.STN.		0	49	178	MUL
3472	MAHALAXMI STN.		0	275	147	
3475	SHANTARAM PJJARE CHK.	D	0	339	72	
3476	SHRAWAN YESHWANTE CHK.		0	21	72	
3477	UMA MAHESHWARI MANDIR		0	582	94	MLD
3478	KRISHNA NGR.		0	582	94	MLD
3479	MAHARASHTRA KATA		0	582	94	MLD
3482	ACHARYA GARDEN/ DIAMOND GARDEN		0	211	128	SHD
3483	KALA NGR.	D	0	53	17	DH
3485	MULUND STN.(E)		0	252	40	MUL
3486	MULUND STN.(E)		0	175	40	MUL
3488	ADARSH NGR.		0	29	11	DIN
3489	ADARSH NGR.NAKA		0	29	11	DIN
3490	NAVJEEVAN NGR.		0	29	11	DIN
3501	PUSHPA PARK		0	586	26	DIN
3502	WADIA MATERNITY HOSPITAL		0	285	103	WD
3503	MUNICIPAL CLY.SECT.-B		0	29	105	DIN
3504	VASHI BUS STN.	D	0	123	9	DNR
3505	VASHI BUS STN.	U	0	111	9	DNR
3506	CEAT CO.		0	413	178	MUL
3511	D'SOZA NGR.		0	582	31	KLD
3514	ASHOK NGR.		0	590	2	GRD
3515	M.H.B.POLICE STN.		0	30	2	GRD
3517	PATTHAR NGR.		0	29	17	DH
3518	TATA CLY.		0	29	17	DH
3520	BAINGANWADI	D	0	217	106	SHD
3521	BAINGANWADI	U	0	217	106	SHD
3522	KASHI VILLAGE		0	329	151	MGT
3523	SHETHIYA NGR.		0	582	94	MLD
3524	TECHNIMONT I.C.B.(CHINCHOLI BUNDER		0	533	25	GGD
3527	SANT GADGE MAHARAJ CHK.	U	0	275	155	WLD
3528	SANT GADGE MAHARAJ CHK.	D	0	153	155	WLD
3529	TARDEO BUS STN/RUSHI MEHTA CHK.		0	118	61	CND
3530	AHILYABAI HOLKAR CHK.	U	0	527	60	BB
3532	M.T.N.L.HOSTEL		0	591	2	GRD
3533	ST.LOWRENCE HIGH SHCOOL		0	591	2	GRD
3535	GHATI PADA		0	29	41	MUL
3536	VAISHALI NGR.		0	29	41	MUL
3538	LOKMANYA TILAK CHK.		0	523	27	MLV
3539	LIBERTY GARDEN		0	525	27	MLV
3540	COLABA BUS STN./POST OFFICE	D	0	364	53	CD
3541	ADV.PALJIBHAI BORICHA CHK.		0	29	93	OSH
3542	BADHWAR PARK	U	0	33	50	BB
3544	VEEJ BHAVAN	D	0	396	50	BB
3546	MAHARANA PRATAP CHK.(MULUND)		0	50	41	MUL
3547	UNITY HOUSE	D	0	255	2	GRD
3548	SHIVAR GARDEN		0	333	8	MGT
3549	CHAITANYA HOSPITAL		0	333	8	MGT
3550	SHREENATH COMPLEX		0	333	8	MGT
3551	VIJAY NGR.		0	593	94	MLD
3552	KHERWADI JN.	U	0	53	17	DH
3554	WALJI LADHA MARG		0	594	41	MUL
3555	NAVJIVAN VIDYAMANDIR		0	595	39	VKD
3556	SIMPLEX MILL		0	275	155	WLD
3559	MITH CHKY	U	0	597	27	MLV
3560	JANTA CLY./SHIV MANDIR		0	597	27	MLV
3561	LALJIPADA POLICE CHKY		0	597	29	PD
3562	SHANTI NGR.		0	597	29	PD
3563	MITH CHKY	U	0	30	27	MLV
3564	KAMRAJ NGR.		0	598	29	PD
3565	RENUKANGR.		0	598	29	PD
3566	EKTA NGR.		0	598	29	PD
3570	CHETANA COLLEGE/KHERWADI	U	0	293	17	DH
3571	SUBHASH NGR.	U	0	245	17	DH
3572	WADARPADA		0	594	41	MUL
3573	TOLANI NAKA		0	532	23	MJ
3574	HEMA INDL.EST.		0	511	23	MJ
3575	M.H.B.CLY.		0	511	23	MJ
3576	MODEL TOWN		0	600	23	MJ
3577	GHATKOPAR STN.(W)	D	0	601	35	GKD
3578	GHATKOPAR STN.(E)-1	U	0	201	34	GKD
3579	GHATKOPAR STN.(E)-2	U	0	201	34	GKD
3580	GHATKOPAR STN.(E)	D	0	76	34	GKD
3581	MATHURADAS CLY.		0	532	19	KLD
3582	SAPTARANG SCTY.		0	532	19	KLD
3584	VAKOLA VILLAGE		0	532	19	KLD
3587	HOTEL GRAND HYAT		0	532	19	KLD
3588	SHIVAJI NGR.		0	532	19	KLD
3589	SONA HOSPITAL		0	532	19	KLD
3590	ST.CHARLES CONVENT SCHOOL		0	532	19	KLD
3591	R.R.KAMBLE MARG JN.		0	532	19	KLD
3592	ASHOK NGR.		0	532	19	KLD
3593	MAHESHWARI UDN.		0	168	133	DH
3594	AZAD NGR.		0	333	8	MGT
3595	ABHINAV SCHOOL		0	603	124	MGT
3596	VINAS APT.	U	0	81	124	MGT
3597	SALSAR NGR.	U	0	81	124	MGT
3598	BHAIDAYA NGR.	U	0	81	124	MGT
3599	BHAYANDER STN.(E)	D	0	604	124	MGT
3600	BHAYANDER MARKET	D	0	605	124	MGT
3601	KHARI GAON	D	0	605	124	MGT
3602	NATIONAL STOCK EXCHANGE		0	29	58	DH
3603	BANK OF INDIA(BKC)		0	29	58	DH
3604	M.M.R.D.A/PAY & PARK		0	29	58	DH
3605	BANK OF BARODA(BKC)		0	29	58	DH
3609	MULUND RLY.STN.(W)	D	0	45	41	MUL
3610	JAIHIND CINEMA		0	455	72	WD
3612	MAHAVIR NGR.EXTN.		0	598	29	PD
3613	CHIKOOWADI		0	598	29	PD
3614	SHIMPOLI TEL.EXCHANGE		0	598	29	PD
3615	DON BOSCO (LINK RD.)		0	608	2	GRD
3628	ANJANABAI MAGAR		0	46	31	KLD
3629	INSTITUTE OF DIST.EDUCT.(V.NGRY)		0	29	132	KLD
3630	GARWARE INSTITUTE (VIDYA NGRY)		0	29	132	KLD
3631	MAHATMA PHULE BHAVAN (VIDYA NGRY)		0	29	132	KLD
3633	DR.B.AMBEDKAR BHAVAN (VIDYA NGRY)		0	29	132	KLD
3635	FORENSIC LAB		0	609	132	KLD
3636	SHREE KRISHNA NGR.(KALINA)		0	609	132	KLD
3637	SUMER HOUSE		0	131	94	MLD
3638	MAHARSHI ARVIND CHK.		0	76	41	MUL
3641	MAHATMA PHULE MARKET	U	0	483	101	CND
3645	INDIAN OIL NGR.		0	432	15	OSH
3646	INORBIT MALL		0	30	25	GGD
3647	MILIND NGR.		0	143	118	MLD
3648	GOKULDHAM		0	29	105	DIN
3649	AHILYABAI HOLKAR CHK.,EROSS CINEMA		0	353	144	BB
3650	JEEVAN BIMA MARG		0	379	144	BB
3651	MANTRALAYA MAIN GATE		0	332	144	BB
3652	NARIMAN POINT FIRE BRIGADE		0	610	144	BB
3653	FREE PRESS HOUSE		0	490	144	BB
3654	K.C.COLLEGE		0	353	144	BB
3655	FREE PRESS JOURNAL MARG		0	490	144	BB
3656	LAXMI TOWER(BKC)		0	29	58	DH
3658	GILBERT HILL(PANCHAM SCTY.)		0	611	15	OSH
3659	MUNICIPAL URDU SCHOOL		0	611	15	OSH
3660	BHAVANS COLLEGE		0	520	15	OSH
3661	NAVRANG TALKIES		0	520	15	OSH
3662	DNYANSADHANA COLLEGE,KOPARI		0	13	64	MUL
3663	LOUISWADI		0	13	64	MUL
3664	CADBURY JN.(THANE)		0	13	64	MUL
3665	DOMESTIC AIRPORT TERMINAL 1-B		0	470	21	KLD
3666	PERU BAUG		0	484	11	DIN
3678	RELIANCE ENERGY TRNG CENTRE		0	143	179	MJ
3679	MARVE BEACH-ESSEL WORLD		0	29	27	MLV
3683	GATE WAY OF INDIA		0	258	53	CD
3685	MARATHON CHK.(TEEN HATH NAKA)		0	13	64	MUL
3686	"C" CROSS RD.JN.		0	271	94	MLD
3687	VASHI SECT.19		0	11	9	DNR
3688	DHOLEDEV MANDIR/VASARI TEKADI NO.2		0	49	25	GGD
3689	PARADIGM -B		0	29	25	GGD
3690	RAJAN PADA		0	29	27	MLV
3691	IJMIMA		0	29	25	GGD
3692	LIBRA SCTY.		0	29	96	MLV
3693	BHUMI COMPLEX		0	29	96	MLV
3694	MITH CHKY		0	27	27	MLV
3695	DR.SHAMAPRASAD MUKHERJI CHK.		0	76	53	CD
3696	DUDHSAGAR SCTY.		0	29	11	DIN
3697	VIRWANI EST.		0	616	11	DIN
3698	AAREY UNIT NO.8		0	616	11	DIN
3699	OBEROY WOODS		0	616	11	DIN
3700	SHREE SAIBABA COMPLEX		0	616	11	DIN
3701	DHIRAJ SCTY.		0	616	11	DIN
3702	DOORDARSHAN CLY.		0	616	105	DIN
3703	LAKSHYACHANDI SCTY.		0	616	105	DIN
3704	MINILAND SCTY.	U	0	497	39	VKD
3705	SARVODAYANGR.	D	0	57	39	VKD
3706	YELLOW GATE		0	408	172	CND
3707	BHATWADI		0	617	35	KLD
3708	BABU GENU MARKET		0	617	35	KLD
3709	JIJAMATA BHOSLE MARG JN.		0	13	4	GKD
3710	UNIT NO.32		0	18	181	DIN
3711	ASHISH COMPLEX		0	618	99	MGT
3712	B.A.R.C.GATE NO.6		0	23	128	DNR
3713	PRIYADARSHANI		0	23	162	ANK
3714	COOPERGE TEL.EXCH./Y.B.CHAVAN PRAT.		0	353	53	CD
3715	M.T.PARK		0	532	50	BB
3716	GANESHMURTI NGR.POLICE CHKY		0	532	50	BB
3717	GEETANGR.		0	532	50	BB
3718	HUTATMA CHK./MUMBAI UNIVERSITY	D	0	305	66	CD
3721	WOOD HOUSE	U	0	257	50	BB
3724	CEREMONIAL HALL		0	29	41	MUL
3725	VASANT GARDEN		0	29	41	MUL
3726	JARIMARI MATA MANDIR/S.T.OFFICE	U	0	22	48	WLD
3727	ACHARYA ATRE CHK.	D	0	313	48	WLD
3728	AIROLI OCTROI NAKA		0	290	40	MUL
3729	S.R.A.RAM MANDIR/SOMANIGRAM		0	29	93	GGD
3730	JOGESHWARI RLY.STN(W)		0	619	24	GGD
3731	MOMIN NGR.		0	619	24	GGD
3733	UNICHEM COMPNY		0	620	24	GGD
3734	SHAKTI HOSPITAL		0	621	24	GGD
3735	OSHIWARA MUNICIPAL HOSPITAL		0	29	24	GGD
3736	H.D.F.C.STAFF QTRS.		0	622	24	GGD
3737	CENTRAL WAREHOUSING CORPORTION		0	29	25	GGD
3740	MAHAVIR EDUCATION & RESERCH TRUST		0	619	24	GGD
3741	RAGHUVANSHI MILL		0	83	48	WLD
3742	CHAKALA	U	0	52	3	MLD
3743	MAHARASHTRA NGR.		0	29	17	DH
3744	SANGHARSH NGR.(CHANDIVLI)		0	29	138	MLD
3745	SHOPPING PLAZA		0	29	138	MLD
3746	CALILIO BUILDING		0	29	138	MLD
3748	IMAX ADLABS		0	623	115	ANK
3750	BHAKTI PARK COMPLEX		0	623	115	ANK
3751	CHARKOP SECT.NO.8		0	519	110	PD
3752	RUBY SCTY.		0	519	110	PD
3753	POISAR DEPOT		0	624	29	PD
3754	P.THAKRE NGR.MARKET		0	519	110	PD
3756	CIPLA CO./MILITARY CANTEEN	U	0	50	36	VKD
3757	CIPLA CO./MILITARY CANTEEN	D	0	50	36	VKD
3758	"D"MART SHOPPING CENTRE		0	30	27	MLV
3759	ERLA MASJID		0	120	15	SD
3760	SIMLA HOUSE		0	625	127	CND
3761	HYDERABAD EST.		0	625	127	CND
3763	KANE NGR.		0	158	114	PR
3765	NILKANTH VALLEY		0	627	34	GKD
3767	SOMMAIYA COLLEGE FRONT GATE		0	97	34	GKD
3768	MUNICIPAL GARDEN		0	97	34	GKD
3770	DR.AMBEDKAR NGR.NO.2		0	97	34	GKD
3772	POLICE GROUND		0	629	34	GKD
3773	SHANTI SUDHA PARK JAIN MANDIR		0	629	34	GKD
3774	VALLABH PARK		0	202	34	GKD
3775	SURYA NGR.		0	29	36	VKD
3776	SURYA NGR.POLICE CHKY		0	29	33	VKD
3778	ANAND NGR.POLICE CHKY		0	13	40	MUL
3779	HARI OM NGR.MAIN GATE		0	630	40	MUL
3780	HARI OM NGR.(SOHAM SELES BLDG.)		0	630	40	MUL
3781	Y.B.CHAVAN PRATISHTHAN	D	0	396	144	BB
3783	MUNICIPAL GARDEN		0	29	105	DIN
3784	KUMBHARWADA		0	126	167	DH
3785	SARDAR VALLABHBHAI PATEL COLLEGE		0	30	2	GRD
3787	MUNICIPAL GARDEN		0	591	2	GRD
3789	KALPANA CHAWLA CHK.		0	631	2	GRD
3791	MANASI PLAZA		0	631	2	GRD
3792	ATMARAM TOWER		0	30	2	GRD
3795	SHANTI ASHRAM		0	631	2	GRD
3796	B.S.E.S.		0	18	181	DIN
3797	GANPAT PATIL NGR.		0	30	2	GRD
3798	BHAKTI PALACE		0	30	2	GRD
3799	DOCKYARD RLY.STN.	U	0	71	123	CND
3800	SARVODAY MAHABUDDHA VIHAR		0	97	34	GKD
3801	PRARTHANA SAMAJ		0	70	71	CND
3803	RELIENCE ENERGY OFFICE		0	517	128	GKD
3805	LOKMANYA TILAK VIDYALAYA		0	517	128	GKD
3806	TILAK NGR.RLY.STN.	D	0	29	128	GKD
3807	MUNICIPAL LIBRARY	D	0	29	128	GKD
3809	MUMBAI CENTRAL STN.	D	0	100	156	CND
3810	MUMBAI CENTRAL STN.(ON BRIDGE)	U	0	401	156	CND
3814	NAVJEEVAN SCTY.	U	0	118	156	CND
3815	NAVJEEVAN SCTY.	D	0	118	156	CND
3816	NAGPADA POLICE HOSPITAL	D	0	467	74	CND
3822	SHIVRAJ BHAVAN	U	0	635	140	WLD
3823	SATYAM BLDG.	U	0	635	140	WLD
3824	PAREL S.T.DEPOT/SANT ROHIDAS CHK.	U	0	634	140	WLD
3826	COM.P.K.KURNE CHK.		0	246	48	WLD
3827	ELPHINSTONE STN.(W)	U	0	634	140	WLD
3836	JAY MAHARASHTRANGR.		0	29	12	MGT
3837	AAI TULJABHAVANI CHK.		0	564	15	OSH
3843	JAY MAHAKALI MANDIR		0	53	12	MGT
3844	A.H.ANSARI CHK./ NEW NAGPADA	U	0	365	74	CND
3846	SHIVAI VIDYALAYA		0	690	38	GKD
3847	NAHUR STN.(E)		0	690	38	GKD
3848	GURU TEGH BAHADDUR NGR.		0	449	67	PR
3849	R.C.F.CLY.(SHRIKRISHNA SOC.	D	0	638	38	GKD
3850	BANK OF INDIA \ BHARAT NGR.		0	29	58	DH
3851	CHAKALA (SATAMWADI)	D	0	86	3	MLD
3853	DEONAR VILLAGE		0	8	76	DNR
3854	MAHALAXMI MANDIR		0	640	76	DNR
3855	TELECOM FACTORY		0	640	76	DNR
3859	KACHWADI		0	8	95	DNR
3862	ASMITA JYOTI		0	30	96	MLV
3863	MADH SONAPUR		0	536	65	MLV
3865	MULUND TOLL NAKA/MHADA CLY.		0	13	40	MUL
3866	AAKASHGANGA SOC.	U	0	300	111	DH
3867	DHARAVI POLICE STN.	U	0	215	111	DH
3868	KAMRAJ VIDYALAYA	U	0	215	111	DH
3869	ESTRELLA BATERY	U	0	215	111	DH
3870	LOKMANYA TILAK HOSPITAL	U	0	126	67	PR
3872	LOKMANYA TILAK HOSPITAL	U	0	168	67	PR
3873	PETROLEUM HOUSE	U	0	384	144	BB
3874	RAHEJA CHEMBERS	U	0	490	144	BB
3875	SAWARPADA(GANESH CHK.)		0	66	12	MGT
3878	SHANTIVAN		0	336	12	MGT
3879	SAWARPADA POST OFFICE		0	66	12	MGT
3880	KUMBHARWADA	U	0	126	167	DH
3886	KORA KENDRA(ON BRIDGE)	U	0	532	29	PD
3887	KORA KENDRA(ON BRIDGE)	D	0	532	29	PD
3888	KORA KENDRA	D	0	2	29	PD
3889	KORA KENDRA	U	0	2	29	PD
3892	HIRADEVI MANDIR		0	536	173	MLV
3893	NATIONAL(HINDUJA)HOSPITAL	D	0	297	86	BND
3898	PRINCESS STREET		0	641	150	BB
3899	DAVA BAZAR(KALBADEVI)		0	641	0	CD
3900	DURGA NGR.(KANDIVLI-E)		0	642	28	DIN
3901	KADAMWADI(KANDIVLI-E)		0	642	28	DIN
3902	GREEN MIDOSE		0	642	28	DIN
3903	MAHAVIR NGR.		0	643	29	PD
3904	PUNCHASHEEL GARDEN		0	644	29	PD
3905	SARASWAT BANK		0	644	29	PD
3906	SANTOSHI MATA MANDIR		0	152	12	MGT
3907	MAGATHANE DEPOT		0	29	12	MGT
3908	JAIN MANDIR		0	329	184	MGT
3909	VERSOVA BRIDGE		0	645	184	MGT
3910	CHENA BRIDGE		0	645	184	MGT
3911	KAJUPADA		0	645	184	MGT
3912	GAIMUKH		0	645	184	MGT
3913	BHAYANDER PADA		0	645	184	MGT
3914	OVALE VILLAGE		0	645	184	MGT
3916	KASARVADAVLI		0	645	184	MGT
3917	ANAND NGR.		0	645	184	MGT
3918	MRUCHHALA COLLEGE		0	645	184	MGT
3919	PANCHAMRUT		0	645	184	MGT
3920	WAGHBIL		0	645	184	MGT
3921	DONGARI PADA		0	645	184	MUL
3922	PATLI PADA		0	645	184	MUL
3923	MULLA BAUG		0	645	184	MUL
3924	MANPADA		0	645	185	MUL
3925	LOKIM CO.		0	645	185	MUL
3926	TATWADNYAN VIDYAPITH		0	645	185	MUL
3928	KAPUR BAWDI		0	645	185	MUL
3929	MAJIWADA		0	645	64	MUL
3930	SIDDHIVINAYAK TOWER		0	13	185	MUL
3931	THANE STN.(E)		0	646	185	MUL
3932	GARTAN PADA		0	53	99	MGT
3933	KASHIMIRA		0	329	151	MGT
3934	KOPARI CLY.		0	646	185	MUL
3936	BORIVLI STN (E)/SUKURWADI	U	0	76	12	MGT
3937	DR.RAVINDRA KULARNI CHK./SASMIRA		0	381	48	WLD
3938	GEETANJALI		0	29	15	OSH
3939	AMAR MAHAL	U	0	13	128	GKD
3940	BHARANI NAKA (ANTOP HILL)		0	648	114	PR
3941	FIRE BRIGADE JUN.(ANTOP HILL)		0	648	114	PR
3942	RAHEJA COLLEGE		0	567	20	SD
3943	RAILWAY POLICE CLY.(GHATKOPAR		0	202	34	GKD
3944	SAIBABA MANDIR(GHATKOPAR)		0	649	34	GKD
3945	VALLABH PARK(EXTN.RD)		0	649	34	GKD
3946	RLY.POLICE GROUND(EXTN.RD)		0	649	34	GKD
3947	KAPILVASTU BUDHHA VIHAR		0	650	132	KLD
3948	DR.BABASAHEB AMBEDKAR CHK.		0	650	132	KLD
3955	SIDHARTH NGR.		0	646	185	MUL
3956	ANAND NGR.TOLL NAKA	U	0	13	185	MUL
3958	NITIN CO.JUN.		0	13	64	MUL
3959	BRAHMAND-AZAD NGR.		0	645	64	MGT
3960	GARIB NGR.		0	645	64	MUL
3961	VIJAY GARDEN		0	645	64	MGT
3962	SWAMI VIVEKANAND CHK.		0	646	185	MUL
3963	GAVDEVI MANDIR		0	646	185	MUL
3965	PALI HILL NAKA	U	0	114	18	BND
3968	BRAHMAND-AZAD NGR.		0	29	185	MGT
3969	BANK OF INDIA		0	117	15	OSH
3970	SHAHAJIRAJE SPORT COMPLEX		0	230	15	OSH
3971	MULUND-W CHECK NAKA BUS STN.	D	0	652	41	MUL
3972	MAHARANA PRATAP CHK./"R" MALL		0	50	41	MUL
3977	GORAI PUMPING STN.		0	570	113	GRD
3978	SHANKESHWAR BLDG.		0	629	34	GKD
3981	DHARAVI PUMPING STN.	D	0	300	111	DH
3982	DHARAVI PUMPING STN.	U	0	300	111	DH
3983	COSMOS HIGH SCHOOL		0	66	12	MGT
3984	JAGERDEV COMPOUND		0	66	12	MGT
3985	SUDAMA NGR.		0	66	12	MGT
3989	VANITA SAMAJ/CHAYTYABHOOMI		0	55	14	WLD
3990	ST.PETER'S CHURCH	U	0	654	18	BND
3991	PALI HILL NAKA	D	0	654	18	BND
3992	PALI HILL NAKA	U	0	62	18	BND
3993	ST.PETER'S CHURCH	D	0	116	18	BND
3996	RAWLICAMP	U	0	425	114	PR
3998	TECHNICAL SHOOL		0	388	2	GRD
3999	MORE MALL		0	443	2	PD
4000	"V" MALL		0	655	28	MGT
4001	GOKUL HEAVEN		0	655	28	GRD
4002	NABARD NGR.		0	656	28	GRD
4003	ICICI BANK/SINHGAD COLLEGE		0	90	138	MLD
4004	CHANDIVLI VILLAGE		0	90	138	MLD
4007	DINDOSHI DEPOT		0	167	11	DIN
4010	JAYGANESH TALKIES	U	0	583	40	MUL
4012	MULUND STN(E)	U	0	252	40	MUL
4014	AHILYABAI HOLKAR CHK(ONLY SUN/HOLI)	U	0	353	60	BB
4015	MARVA INDL.EST.		0	659	138	MLD
4016	TATA POWER CENTRE		0	659	94	MLD
4017	KALYAN NGR.		0	660	94	MLD
4018	VIVEKANAND NGR.		0	141	187	DNR
4019	R.B.I.CLY.(C.B.D.BELAPUR)		0	141	187	DNR
4020	BHARATI VIDYAPITH		0	29	188	DNR
4021	BELPADA VILLAGE		0	29	188	DNR
4022	YERALA MEDICAL CENTRE		0	29	188	DNR
4023	BALBHARATI VIDYALAYA(KHARGHAR)		0	29	188	DNR
4026	KHARGHAR RLY.STN.SUB-WAY		0	29	188	DNR
4027	BELPADA		0	662	188	DNR
4028	HIRANANDANI COMPLEX JUN.		0	662	188	DNR
4029	BHARATI VIDYAPITH (H'WAY)		0	662	188	DNR
4030	KOPRA VILLAGE		0	662	189	DNR
4031	GHARKUL		0	662	189	DNR
4032	TALOJA PHATA		0	662	190	DNR
4033	KAMOTHE VILLAGE/MANSAROVAR		0	662	190	DNR
4034	KALAMBOLI CLY.		0	662	191	DNR
4035	MAHATMA GANDHI HOSP/PANVEL NAKA		0	662	191	DNR
4036	KALAMBOLI VILLAGE		0	663	191	DNR
4037	KALAMBOLI POLICE STN.		0	663	191	DNR
4038	KALAMBOLI FIRE BRIGADE		0	29	191	DNR
4039	KALAMBOLI BUS STN		0	29	191	DNR
4040	C.B.D.BELAPUR JUN.		0	662	168	DNR
4041	C.B.D.BELAPUR		0	43	168	DNR
4042	VRINDAVAN SCTY.(THANE)		0	664	64	MUL
4043	RABODI POLICE STN.		0	664	64	MUL
4044	SHRIRANG SCTY.(THANE)		0	664	64	MUL
4045	KOLBAD		0	664	64	MUL
4046	BRAMHALA TALAO/MANORPADA		0	664	64	MUL
4047	KHOPAT S.T.TERMINUS		0	664	64	MUL
4048	MAKHAMALI TALAO		0	664	64	MUL
4049	VANDANA S.T.TERMINUS		0	664	64	MUL
4050	HARINIWAS		0	664	64	MUL
4051	WAGLE WARD COMMITTEE OFFICE		0	665	64	MUL
4052	M.I.D.C./PASS-PORT OFFICE		0	665	64	MUL
4053	KISAN NGR.JUN.		0	665	64	MUL
4054	WAGLE CIRCLE		0	665	64	MUL
4055	TATA MOTORS		0	666	64	MUL
4056	DNYAN SARITA (THANE)		0	666	64	MUL
4057	DNYANODAY VIDYALAYA		0	666	64	MUL
4058	LOKMANYA NGR.(THANE)		0	666	64	MUL
4059	JAMA MASJID		0	670	8	MGT
4060	GANGA COMPLEX		0	671	8	MGT
4061	LODHA COMPLEX		0	671	8	MGT
4063	BISHOP SCHOOL		0	29	192	MGT
4064	JANAKI RESIDECY		0	667	192	MGT
4065	MANDLI TALAO		0	668	192	MGT
4066	BHAYANDER POLICE STN.		0	669	192	MGT
4067	MIRA-BHAYANDER MUNI. HEAD OFFICE		0	669	192	MGT
4068	JAIN MANDIR		0	669	192	MGT
4069	BALAJI NGR.		0	669	192	MGT
4070	BHAYANDER RLY.STN.(W)		0	669	192	MGT
4071	BHAYANDER PHATAK(ON BRIDGE)		0	29	124	MGT
4072	EKTA BHOOMI COMPLEX		0	673	29	PD
4073	ASHIRVAD SCTY.	D	0	29	138	MLD
4076	RANI LAXMIBAI CHK.		0	168	67	DH
4077	BHANDUP PUMPING CENTRE	D	0	13	40	MUL
4084	SIDDHIVINAYAK MANDIR	U	0	38	54	WLD
4085	SIDDHIVINAYAK MANDIR		0	38	54	WLD
4086	JOGESHWARI VIKHROLI LINK RD.	U	0	13	37	GKD
4087	JOGESHWARI VIKHROLI LINK RD.	D	0	143	37	GKD
4088	ANNABHAU SATHE CHK.(THANE)		0	666	64	MUL
4089	DR.AMBEDKAR CHK/INDIRA NGR.		0	666	64	MUL
4090	SRUSTHI POLICE STN.		0	29	8	MGT
4091	ASMITA SUPPER MARKET		0	29	8	MGT
4092	POONAM SAGAR COMLEX		0	29	8	MGT
4093	GAURAV RESIDENCY		0	29	8	MGT
4094	MIRA RD.SEC.NO.10		0	10	8	MGT
4095	MIRA RD.MARKET		0	29	8	MGT
4096	MHADA CLY.(HIRANANDANI)		0	29	118	VKD
4097	GUNDECHA PROJECT		0	29	118	VKD
4098	I.R.B.COMPLEX (POWAI)		0	29	118	VKD
4099	KENDRIYA VIHAR(SECT.-12)		0	29	188	DNR
4100	NAVRANG HOTEL		0	29	188	DNR
4101	GOKHALE VIDYALAYA(KHARGHAR)		0	29	188	DNR
4102	SHIVAJI CHK.(KHARGHAR SEC-8)		0	29	188	DNR
4103	SHILP CHK.		0	29	188	DNR
4104	JALVAYU VIHAR(KHARGHAR)		0	29	188	DNR
4106	SANPADA POLICE CHKY		0	677	193	DNR
4107	VIVEKANAND SCHOOL		0	677	193	DNR
4108	SANPADA TEL.EX/ST.NIRANKARI BHAVAN		0	677	193	DNR
4109	JUINGR.RLY.STN.		0	678	194	DNR
4110	ANIRUDDHA BHAVAN		0	678	194	DNR
4111	CHINCH0LI TALAO (NAVI-MUMBAI)		0	678	194	DNR
4112	GANESH CHK.(NERUL-E)		0	29	195	DNR
4113	SWATANTRYAVEER SAWARKAR CHK.		0	677	102	DNR
4114	SARSOLE BUS STN.		0	29	195	DNR
4115	TERNA VIDYALAYA		0	29	195	DNR
4116	NERUL VILLAGE		0	29	102	DNR
4117	TERNA ENGG. COLLEGE(NERUL)		0	29	102	DNR
4118	NERUL GYMKHANA		0	29	102	DNR
4119	SEAWOOD-DARAVE RLY.STN.		0	679	102	DNR
4120	DON BOSCO VIDYALAYA(NERUL)		0	679	102	DNR
4121	NERUL SECT.-42		0	679	102	DNR
4123	SAIDHAM SCTY.(NERUL)		0	29	102	DNR
4124	NERUL SECT.-46/48		0	29	102	DNR
4125	SHANTARAM PATIL CHK.		0	29	9	DNR
4126	MAHARASHTRA STATE CO-OP BANK		0	29	9	DNR
4127	AMRUTA VIDYALAYA		0	678	194	DNR
4130	SHAMRAO VITHAL BANK		0	29	9	DNR
4132	NERUL SECT.-02		0	29	102	DNR
4133	GAVDEVI CHK.(SARSOLE)		0	29	102	DNR
4135	SEAWOOD DARAVE RLY.PHATAK		0	679	102	DNR
4137	NATHU JOMA PATIL CHK.		0	677	194	DNR
4138	JUIPADA VILLAGE		0	678	194	DNR
4139	JUINGR.SECT.-25		0	678	194	DNR
4140	GANESH SCTY.(NERUL)		0	29	102	DNR
4141	AROGYA HOSPITAL/"D" MART		0	679	102	DNR
4142	MAHISHASUR MARDINI MANDIR		0	590	2	GRD
4143	M.H.B.POLICE STN.		0	29	2	GRD
4144	RAILWAY SANKALP CLY.		0	51	106	SHD
4145	ANNABHAU SATHE NGR.		0	51	106	SHD
4146	BANUBAI TANDEL MARKET		0	681	195	DNR
4147	ADARSH MARKET		0	681	195	DNR
4148	DHARAN TALAO/ASHTAGANDHA STY.		0	682	195	DNR
4149	L & T GATE NO.6		0	310	118	VKD
4150	HIRANANDANI EST.		0	29	64	MUL
4151	THANE MUN.COMMISSIONER HOUSE		0	29	64	MUL
4152	HIRANANDANI GATE(THANE-W)		0	29	64	MUL
4153	INDIAN BANK(HIRANANDANI THANE-W)		0	29	64	MUL
4154	DHIRAJ ENCLAVE		0	683	28	DIN
4155	SIDDHARTH NGR.		0	683	28	DIN
4156	JAIN MANDIR (SAMATA NGR.)		0	29	12	MGT
4160	E.S.I.S.HOSPITAL(THAKUR VILLAGE)		0	685	28	DIN
4161	CHOGLE NGR.		0	686	12	MGT
4162	ASHOKVAN MUN.SCHOOL		0	686	12	MGT
4163	S'CRUZ STN.RD/KASHIBAI HOSP.	U	0	2	20	SD
4164	S'CRUZ STN.RD/KASHIBAI HOSP.	D	0	552	20	SD
4165	SARVODAY HOSP/GHATKOPAR POST OFFICE	U	0	76	35	GKD
4166	SARVODAY HOSP/GHATKOPAR POST OFFICE	D	0	76	35	GKD
4171	STATE BANK (BHANDUP VILLAGE)		0	48	38	GKD
4174	BANDRA BUS STN.(W)	U	0	220	18	BND
4176	GHANSOLI VILLAGE		0	29	145	DNR
4177	PEER MEHMOOD SHAH BABA DARGAH		0	687	145	DNR
4178	GHANSOLI RLY.STN.		0	687	145	DNR
4179	PANCHAVATI		0	688	145	DNR
4180	SIDDHESHWAR SOC/GHARONDA		0	29	145	DNR
4181	VADARPADA		0	689	26	DIN
4182	SAIBABA NGR.(GOLIBAR)		0	213	16	DH
4183	MACCHI MARKET(GOLIBAR)		0	213	16	DH
4184	MUSLIM CEMETARY(GOLIBAR)		0	213	16	DH
4188	JOHAR CHK.	U	0	363	101	CD
4189	JOHAR CHK.	D	0	70	101	CD
4190	CHAR NAL	D	0	70	101	CD
4191	KHAMBEKAR STREET	D	0	70	101	CD
4192	DONGRI	D	0	70	142	CD
4193	CHINCH BUNDER	D	0	451	59	CD
4194	SANDHURST RD.STN.	D	0	451	59	CD
4195	NOORBAUG	U	0	440	142	CD
4196	DR.M.IQBAL CHK.	U	0	9	101	CND
4197	UMARKHADI	U	0	440	142	CND
4198	NOORBAUG	D	0	451	142	CD
4199	ACHARYA ATRE CHK.	U	0	22	48	WLD
4204	KALA NGR.	U	0	53	17	DH
4207	RANI LAXMIBAI CHK.	D	0	13	67	DH
4208	VENUS BLDG/WATUMAL ENGG.COLLEGE	D	0	46	48	WLD
4209	WORLI SEA FACE (S)	D	0	46	48	WLD
4210	FLORA HOTEL/WATUMAL ENGG.COLLEGE	D	0	317	48	WLD
4211	GKD (ONLY ALIGHTING)	D	0	327	34	GKD
4213	MANEKJI COOPER SCHOOL	U	0	121	80	SD
4214	NARAYAN PUJARI NGR.	U	0	46	48	WLD
4215	ACHARYA ATRE CHK.	D	0	317	48	WLD
4216	COCACOLA CO.		0	645	184	MGT
4217	POUSHMATA MANDIR		0	645	184	MGT
4218	SHREE KRISHNA NGR.		0	53	12	MGT
4219	SHREE KRISHNA NGR.(BORIVLI)		0	53	12	MGT
4220	VEER KOTWAL UDN.(NEAR UDYAN)		0	98	85	WLD
4221	KALA VIDYALAYA	U	0	29	96	MLV
4222	AMRAPALI SCTY.	U	0	29	96	MLV
4223	AMIRA APTS.	U	0	29	96	MLV
4224	GIRDHAR PARK		0	27	27	MLV
4225	CANARA BANK(KHARGHAR)		0	29	188	DNR
4226	RAJKUMAR	D	0	117	15	OSH
4227	BEST QUARRIES		0	90	138	MLD
4228	LAL BAHADDUR SHASTRI COLLEGE		0	256	146	WD
4229	BHOIWADA	D	0	231	119	WD
4230	GOVANDI STN.RD.(E)		0	232	76	DNR
4231	NEW INDIA QTRS.		0	692	15	SD
4232	JUHU SHOPPING CENTRE		0	692	15	SD
4233	VILE PARLE STN.(E)	D	0	201	21	MLD
4234	SAIBABA NGR.(KANDER-PADA)		0	29	90	GRD
4235	PUSHP HERITAGE		0	265	29	PD
4236	DAHANUKAR WADI		0	265	29	PD
4237	DAHANUKAR WADI		0	263	29	PD
4239	S.R.A.VASHI NAKA		0	178	176	ANK
4242	GREEN PARK	U	0	29	93	OSH
4243	BEHRAM BAUG	D	0	30	24	OSH
4244	BANDRA-WORLI SEA LINK TOLL PLAZA		0	694	18	BND
4245	DR.K.B.HEDGEWAR CHK	U	0	49	41	MUL
4246	DR.K.B.HEDGEWAR CHK.	D	0	50	41	MUL
4248	SHANTI NGR.(KALINA)		0	609	132	KLD
4249	GANDHI NGR.	U	0	143	36	VKD
4250	GANDHI NGR.	D	0	89	36	VKD
4251	BHANDUP PUMPING CENTRE	U	0	290	40	MUL
4252	VEER KOTWAL UDN.	D	0	98	85	WLD
4253	GANESH NGR./GOKUL ANAND HOTEL		0	152	12	MGT
4254	GANESH NGR./GOKUL ANAND HOTEL		0	53	12	MGT
4255	SAMBHAJI NGR.(DAHISAR-E)		0	152	99	MGT
4256	SAIBABA MANDIR/MUNICIPAL MARKET		0	152	99	MGT
4257	SHAILENDRA NGR.(MHADA CLY.)		0	696	99	MGT
4258	MANAV KALYAN KENDRA		0	696	99	MGT
4259	BORIVLI STN(E)	D	0	251	12	MGT
4260	ISMAIL YUSUF COLLEGE		0	66	23	MJ
4261	HARISH ENTERPRISE		0	66	23	MJ
4262	SHANKARWADI		0	66	23	MJ
4263	PINKY CINEMA	D	0	270	3	MJ
4264	BORIVLI TEL.EXCHANGE	D	0	70	2	GRD
4265	BORIVLI BUS STN.(W)	U	0	2	2	GRD
4266	VAZIRA NAKA		0	192	2	GRD
4268	JAWAHWR NGR.	U	0	2	25	GGD
4269	BEHRAM BAUG		0	474	24	OSH
4270	GOREGAON CHECK NAKA NO 1	U	0	53	11	DIN
4271	GOREGAON CHECK NAKA NO 1	D	0	132	11	DIN
4273	BHAKTI VEDANT	U	0	120	8	MGT
4274	ROYAL COLLEGE	U	0	698	8	MGT
4278	SHANTI DHAM	U	0	698	8	MGT
4280	ROYAL COMPLEX	U	0	698	8	MGT
4282	JANATA DAIRY	U	0	698	8	MGT
4289	NEW SHAKTI MILL		0	664	64	MUL
4290	THANE CIVIL HOSPITAL		0	29	64	MUL
4291	R.T.O.OFFICE (THANE)		0	29	64	MUL
4292	KALWA BRIDGE		0	699	64	MUL
4293	SHIVAJI CHK./KALWA NAKA		0	699	64	MUL
4294	MANISHA NGR.(KALWA)		0	699	197	MUL
4295	SUKUR PARK/SAHYADRI SCTY.		0	699	197	MUL
4296	KHARIGAON NAKA		0	699	197	MUL
4297	PARSIK SHIV MANDIR		0	699	197	MUL
4298	RAJ PARK		0	699	197	MUL
4299	PARSIK NGR.		0	699	197	MUL
4300	RETI BUNDER - KHARIGAON(KALWA)		0	699	197	MUL
4301	DADLANI PARK (THANE-W)		0	29	64	MUL
4302	KAPUR BAWDI		0	701	64	MUL
4303	YASHASVI NGR./VARDHAMAN GARDEN		0	701	64	MUL
4304	BALKUM NAKA		0	701	64	MUL
4305	ASHOK NGR./VILO'S SCTY.		0	700	64	MUL
4306	ST.XAVIERS HIGH SCHOOL		0	29	64	MUL
4307	BRAHMAND PHASE-3		0	29	64	MUL
4308	BRAHMAND PHASE-6		0	29	64	MGT
4309	SWASTIK PARK		0	29	64	MGT
4310	BRAHMAND AZAD NGR.BUS STN		0	29	64	MGT
4311	DHIRAJ UPVAN		0	29	28	DIN
4312	GAWANPADA FIRE BRIGADE(MULUND-E)		0	532	40	MUL
4313	AMRUT NGR.	D	0	29	36	VKD
4314	MARINE LINES RLY. STN.	D	0	353	150	BB
4315	GORAI DEPOT	D	0	96	113	GRD
4316	KHERWADI		0	145	17	DH
4317	JIVLA PADA		0	702	28	DIN
4318	KANNAMWAR NGR.BLDG.NO.124		0	29	37	GKD
4320	REYAN INTERNATIONAL SCHOOL		0	703	105	DIN
4321	KOHINOOR COMPLEX BLDG NO.3		0	532	33	KLD
4322	GANDHI BALMANDIR VIDYALAYA		0	532	33	KLD
4323	KOHINOOR HOSPITAL		0	532	33	KLD
4325	THATIA BHATIA SEVA FUND		0	704	29	PD
4326	NIRMAL APARTMET		0	704	29	PD
4327	SUMAN APT.		0	704	29	PD
4328	PARAS NGR.		0	704	29	PD
4329	SHAILESH NGR.		0	704	29	PD
4330	APTE HOSPITAL		0	705	27	PD
4331	S.V.P.UDN.		0	70	29	PD
4332	S.V.P.VIDYALAY		0	615	29	PD
4334	VASHI JUN.-Y.B.CHAVAN MARG JN.		0	43	9	DNR
4335	BANDRA TALAO		0	2	18	BND
4336	SAIBABA MANDIR(AMRUT NGR.)		0	324	36	VKD
4338	VATSALABAI DESAI CHK		0	61	131	WLD
4339	VASTU ANAND		0	699	197	MUL
4340	SUBHASH TOWER		0	699	197	MUL
4342	PAREL S.T.DEPOT/SANT ROHIDAS CHK	U	0	83	140	WLD
4343	PAREL S.T.DEPOT/SANT ROHIDAS CHK	D	0	450	140	WLD
4344	DHANMILL NAKA	D	0	228	140	WLD
4345	LOKMAT OFFICE(MAHAPE)		0	29	136	DNR
4346	D.A.K.C.GATE NO.2		0	29	136	DNR
4347	CHH.SHIVAJI MAHARAJ VIDYALAYA		0	29	136	DNR
4348	MAHAPE CIRCLE		0	708	136	DNR
4349	LIPI CO.		0	708	136	DNR
4350	L & T INFOTECH(MAHAPE)		0	708	136	DNR
4351	NEW GOLDEN NEST		0	709	124	MGT
4352	SUKHRANJINI TRUST		0	709	124	MGT
4353	INDRALOK PHASE-1		0	709	124	MGT
4354	INDRALOK PHASE-2		0	709	124	MGT
4355	LODHA COMPLEX		0	709	124	MGT
4356	ANAND NGR.(BHAYANDER)		0	709	124	MGT
4357	SHINDEWADI		0	97	84	WD
4359	MASRANI EST.		0	29	31	KLD
4360	RAHAT APT.S		0	710	31	KLD
4361	MAHAMAYA MANDIR		0	711	31	KLD
4362	MAGAN MATHURAM MUN.SCHOOL		0	711	31	KLD
4363	SARVODAYA NIKETAN		0	711	31	KLD
4364	NAVJEEVAN SCTY.		0	710	31	KLD
4365	OLD AGRA RD.		0	710	31	KLD
4366	AAKASHGANGA SOC.	D	0	300	111	DH
4367	DHARAVI POLICE STN.	D	0	215	111	DH
4368	KAMRAJ VIDYALAYA	D	0	215	111	DH
4370	MUMBAI CRICKET ASSO.COMPLEX		0	29	17	DH
4371	DENA BANK/NAMAN CHEMBER		0	29	17	DH
4372	RAMDEV ASHRAM		0	615	29	PD
4373	VITTHAL MANDIR		0	713	29	PD
4374	NANDESHWAR MAHADEO MANDIR		0	713	29	PD
4375	DATTANI GRAM BLDG NO.1		0	716	29	PD
4377	ATUL TOWER		0	715	29	PD
4378	CRISIL HOUSE		0	229	118	VKD
4379	CRISIL HOUSE	U	0	229	0	VKD
4381	NORTH BOMBAY SCHOOL		0	324	35	VKD
4382	WAMANRAO MURANJAN VIDYALAYA COMPLEX		0	29	40	MUL
4383	JAIN MANDIR		0	717	40	MUL
4384	NILAM NGR.PHASE-2		0	717	40	MUL
4385	NILAM NGR.BLDG.NO.3/4		0	717	40	MUL
4386	JEEVAN JYOTI ENGLISH SCHOOL		0	718	185	MUL
4387	KOPARI TEL.EXCHANGE		0	718	185	MUL
4388	PREM NGR.		0	719	185	MUL
4397	GANDHI NGR.		0	143	36	VKD
4407	SAHAKAR BAZAR		0	55	63	MUL
4408	ISHWAR NGR.(BHANDUP-W)		0	50	39	VKD
4409	MALAD STN-W(SAINATH MARG CHKY)	U	0	106	27	MLV
4410	NEELKAMAL NAKA		0	723	198	MGT
4411	SAIKRUPA COMPLEX		0	723	198	MGT
4412	ANGAN WADI		0	724	198	MGT
4413	ST.XAVIER'S HIGH SCHOOL		0	724	198	MGT
4414	AGRAWAL GREEN VILLAGE		0	29	198	MGT
4415	WESTERN PARK		0	29	198	MGT
4416	KASHIMIRA		0	723	151	MGT
4417	STATE BANK		0	49	25	GGD
4418	CASTLE MILL		0	29	185	MUL
4419	GOKUL NGR.		0	29	185	MUL
4420	MUKTAI NGR.		0	29	185	MUL
4421	SARASWATI COMPLEX(DAHISAR)		0	532	99	MGT
4422	KRISHNA VATIKA		0	532	99	MGT
4423	GAZDAR MUNICIPAL SCHOOL		0	576	20	SD
4424	NARENDRA APT.		0	576	20	SD
4425	GAZDAR BANDH		0	576	20	SD
4426	SANTACRUZ POLICE CHKY- BEAT NO.2		0	576	20	SD
4427	SANTACRUZ STN.RD.	U	0	551	20	SD
4429	BRAHMAND PHASE-5		0	29	64	MUL
4430	PAREL S.T.DEPOT/SANT ROHIDAS CHK.	U	0	263	140	WLD
4431	DEEPAK CINEMA	U	0	83	140	WLD
4432	PAWAR NGR.(THANE)		0	29	64	MUL
4433	PAWAR NGR.BUS STN.(THANE)		0	29	64	MUL
4434	EDENWOOD		0	725	64	MUL
4435	LOKPURAM		0	725	64	MUL
4436	VASANT-VIHAR		0	725	64	MUL
4437	VASANT-VIHAR TEL.EXCHANGE		0	725	64	MUL
4439	GANDHI NGR.(THANE)		0	726	64	MUL
4440	MAJIWADA		0	726	64	MUL
4441	OSWAL PARK		0	726	64	MUL
4442	SAHYADRI SCHOOL		0	699	197	MUL
4443	KHEWRA CIRCLE		0	71	64	MUL
4444	MAHARASHTRA NGR.(THANE)		0	71	64	MUL
4445	SHREE SIDHHISAI MANDIR		0	727	29	PD
4446	GAURAV GARDEN COMPLEX		0	727	29	PD
4447	ROCK AVENUE		0	721	29	PD
4448	SAMARTH NGR.PUMPING STN.		0	728	15	OSH
4449	ALFA KIDS CENTRE		0	728	15	OSH
4450	MHADA CLY.-INDRALOK(ANDHERI-W)		0	728	15	OSH
4451	RAJKUMAR		0	117	15	OSH
4452	BHAVANS COLLEGE		0	243	15	OSH
4453	A.D.MODI INSTITUTE(VIDYA NGRY)	U	0	29	132	KLD
4455	VIDYA NGRY/NEHRU LIBRARY		0	29	132	KLD
4456	SANT RAJINDER SINGH ASHRAM		0	29	130	DNR
4457	BLOSSOM CO-OP.HSG.SCTY.		0	29	130	DNR
4458	KINGSTON SEZ(HIANANDANI)		0	568	118	VKD
4459	SHIVAJIRAJE COMPLEX		0	29	96	MLV
4460	VITTHAL MANDIR		0	29	96	MLV
4461	DON BOSCO SCHOOL		0	192	2	GRD
4462	BALKUM PADA NO.1		0	700	64	MUL
4463	PANCHESHWAR MAHADEO MANDIR		0	729	12	MGT
4464	JOY ASHISH		0	729	12	MGT
4465	SHETH D.M.VIDYALAYA		0	730	12	MGT
4466	SWAMI NARAYAN MANDIR		0	730	12	MGT
4467	DAULAT NGR.(MARG NO.4)		0	731	12	MGT
4468	BORIVLI MARKET(E)CARTER RD.	U	0	108	12	MGT
4469	MANTRALAYA	D	0	379	144	BB
4470	MANTRALAYA	U	0	379	144	BB
4471	MANTRALAYA		0	379	144	BB
4472	MANTRALAYA	D	0	332	144	BB
4473	PRAVASI INDL.EST.		0	49	11	DIN
4474	MADINA MANZIL		0	49	25	GGD
4475	REAY RD.RLY.STN.	U	0	288	154	WD
4476	POLICE CLY.		0	609	132	KLD
4477	ASHOK NGR.	D	0	732	94	MLD
4478	SHITAL GARDEN		0	29	8	MGT
4479	SIEMENS CO.		0	195	199	DNR
4480	AIROLI RLY.STN.(E)		0	195	199	MUL
4481	DIGHE VILLAGE		0	195	200	MUL
4482	SATHE NGR.		0	195	201	MUL
4483	VITAVA		0	195	201	MUL
4485	MUMBRA RLY.STN.		0	29	202	MUL
4486	MUMBRA POLICE STN.		0	29	202	MUL
4487	RETI BUNDER NO.2		0	29	202	MUL
4488	DATTA WADI		0	699	197	MUL
4490	BAINGANWADI		0	51	106	SHD
4491	MURDHA GAON		0	29	192	MGT
4492	RAIGAON		0	735	203	MGT
4493	SALSAR NGR.		0	735	203	MGT
4494	MORVAGAON		0	735	203	MGT
4495	DONGRI-KUMBHADI		0	735	203	MGT
4496	UTTAN TEL.EXCHANGE		0	735	203	MGT
4497	TALAVLI(UTTAN)		0	735	203	MGT
4498	HOTEL SANVERSE		0	735	203	MGT
4499	HOTEL MAXWELL		0	735	203	MGT
4500	RAMRATNA VIDYAMANDIR		0	735	203	MGT
4501	KOLYACHI BAWDI		0	735	203	MGT
4502	GORAI CROSS CIRCLE		0	736	204	GRD
4503	KHAJURWADI		0	736	204	GRD
4504	JUIPADA/GLOBAL PAGODA(VIPASHYANA)		0	736	204	GRD
4505	GORAI CREEK-W		0	736	204	GRD
4506	ESSEL WORLD GATE		0	737	204	GRD
4508	TARODI		0	735	203	MGT
4509	UTTAN PHATA		0	735	203	MGT
4510	MEGA MART		0	123	9	DNR
4511	OUR LADY OF SALVETION SCHOOL	U	0	263	54	WLD
4515	LOCAL SELF GOVT.(KHERWADI)		0	532	17	DH
4516	MPSC/UPSC TRAINNING CENTRE		0	532	17	DH
4517	KHERWADI POLICE STN.		0	580	17	DH
4518	WADALA GATE NO.4/SIWS SCHOOL	U	0	417	79	WD
4519	V.J.T.I.COLLEGE	U	0	257	79	WD
4521	CHARKOP SEC.NO.9/AKSHARA VIDYALAYA		0	29	110	PD
4522	SAI CHITRA SCTY.		0	29	110	PD
4523	CHARKOP EKDANT SCTY.		0	29	110	PD
4527	GHATKOPAR STN.(E)/HAVELI BRIDGE	D	0	76	34	GKD
4528	SHIVAJIRAJE COMPLEX EXTN.		0	29	96	MLV
4531	GHANSOLI RLY.STN.		0	195	145	DNR
4532	CANARA BANK(BKC)		0	532	58	DH
4533	BANK OF BARODA JN.(BKC)		0	532	58	DH
4535	SAINATH NGR.		0	645	184	MGT
4536	OLD AGRA RD.	D	0	50	31	KLD
4537	P.THAKRE NGR.BUS STN.	D	0	97	110	GRD
4538	MUNICIPAL GARAGE(WORLI)		0	313	48	WLD
4539	AMRUT ANGAN		0	699	197	MUL
4540	DR.SHAMAPRASAD MUKHERJEE CHK.	D	0	76	53	CD
4541	VIDYA NGRYNORTH GATE		0	29	132	KLD
4542	SHREEKRISHNA NGR./SHANTIVAN		0	29	45	MGT
4543	HEMGIRI SCTY./ GANESH MANDIR		0	29	12	MGT
4544	VIJAY PRINTING PRESS	U	0	374	170	KLD
4545	MAHARASHTRA KATA	D	0	128	170	KLD
4546	KRISHNANGR.	D	0	582	170	KLD
4547	SHETHIYA NGR.	D	0	582	170	KLD
4548	D'SOUZA NGR.	D	0	582	170	KLD
4549	UMA MAHESHWARI MANDIR	D	0	582	94	KLD
4551	SAFED POOL	U	0	374	0	KLD
4552	NANA CHK..	D	0	741	104	CND
4554	MAXUS MALL (BHAYANDER-W)		0	29	192	MGT
4555	COAL BUNDER		0	742	157	WD
4556	SEWREE STORE		0	742	157	PR
4557	INDIRA NGR.		0	742	157	PR
4558	GADI ADDA		0	742	157	PR
4561	SAI KUTIR		0	29	169	PD
4562	CHIKUWADI/ADITYA APT.		0	573	2	GRD
4563	KANDIVALI STN.(W)	D	0	389	29	PD
4564	SHANTINGR.		0	598	29	PD
4565	AZAD COMPOUND		0	744	29	PD
4566	SUPERNOHA INDL.EST.	U	0	29	29	PD
4567	MERCHANT & CO.	U	0	29	29	PD
4570	LALJIPADA POLICE CHKY	U	0	744	29	PD
4571	TALATHI OFFICE(HARIDAS NGR JN.)		0	277	2	GRD
4572	SHIMPOLI B.M.C.SCHOOL		0	277	2	GRD
4574	KOKANIPADA EXTN.		0	312	99	MGT
4575	KAPADIYA MARG (BORIVALI-E)	D	0	439	12	MGT
4576	D.A.V.SCHOOL		0	584	41	MUL
4579	STANFORD SCTY.(THANE)		0	29	64	MUL
4580	MADHANI CIRCLE		0	29	64	MUL
4581	GARDEN COURT CIRCLE		0	29	64	MUL
4583	SWASTIC REGALIA		0	29	64	MUL
4584	GONDHALEWADI		0	29	64	MUL
4585	DAMYANTI SMRUTI		0	29	64	MUL
4586	WAGHBILGAON		0	29	64	MUL
4587	H.P.NGR./B.D.PATIL MARG		0	543	128	ANK
4588	PERU BAUG	U	0	706	11	DIN
4590	RAMADA HOTEL (POWAI)		0	428	118	MJ
4591	TAPESHWAR MANDIR		0	132	164	MJ
4592	MUKUND CO.		0	195	201	MUL
4593	DURGAMATA MANDIR	D	0	53	28	DIN
4594	VASHI JUN.-Y.B.CHAVAN MARG JN.	D	0	43	9	DNR
4595	Y.B.CHAWAN PRATISHTHAN	U	0	332	144	CD
4596	GANDHI NGR./CHETANA COLLEGE	D	0	145	17	DH
4597	AIROLI NAKA		0	55	63	MUL
4598	KALPATARU EST.		0	143	23	MJ
4600	S.B.P.T. COLLEGE		0	293	22	SD
4601	S.R.A.CLY.EXTN.		0	566	25	GGD
4602	DR.COOPER HOSPITAL		0	745	22	SD
4603	VOLTAS		0	726	64	MUL
4604	SUBHASH NGR.(THANE)		0	726	64	MUL
4605	KENI VIDYALAYA		0	29	38	GKD
4606	UDAY SHREE MARG		0	638	38	VKD
4607	KURLA NAGRIK SAHAKARI BANK		0	638	38	VKD
4608	MILITARY CANTEEN/CIPLA		0	50	37	VKD
4610	R.B.I.CLY.(BHANDUP VILLAGE-E)		0	638	38	VKD
4611	R.C.F. CLY.(BHANDUP VILLAGE-E)		0	638	38	VKD
4612	R.C.F.CLY.(SHRI KRISHNA SOC.)		0	638	38	VKD
4614	BUSA UDYOG BHAVAN	U	0	359	47	WD
4615	LALIT CLINIC		0	29	202	MUL
4616	LODHA COMPLEX		0	29	64	MUL
4617	SAIFEE HOSPITAL	D	0	353	166	CND
4618	KUMBHAR TUKDA	D	0	456	91	CND
4619	CHARNI RD.RLY.STN./PARSHI AGYARI	U	0	353	166	CND
4620	AHILYABAI HOLKAR CHK (E)	D	0	60	60	BB
4621	MATOSHREE RAMABAI K THAKRE UDN.		0	746	48	WLD
4622	MHADA CLY./NEELGANGA		0	746	48	WLD
4623	PRAKASH COTTON MILL		0	746	48	WLD
4624	RAM GANESH GADKARI CHK.	U	0	747	14	WLD
4625	RAM GANESH GADKARI CHK.	D	0	263	14	WLD
4626	PASSPORT OFFICE	D	0	22	48	WLD
4627	DAHISAR BRIDGE (LINK RD.)		0	30	90	GRD
4628	VITTHAL RAKHUMAI MANDIR		0	30	99	MGT
4629	SHANTI ASHRAM JN.		0	30	2	GRD
4630	RAILWAY CLY.(KANDIVALI)	U	0	751	29	PD
4631	GHANSHYAM NGR.	U	0	751	29	PD
4632	SARSWAT BANK (KANDIVALI-W)	U	0	752	29	PD
4633	JAIN MANDIR	D	0	2	29	PD
4634	GOREGAON STN-E		0	506	11	DIN
4635	DAMU NGR.BUS STN.		0	260	28	DIN
4636	SAMBHAJI NGR.		0	66	28	DIN
4637	DOMESTIC AIR PORT (SANTACRUZ)		0	29	21	KLD
4638	AMBIKA MILL B.STN/H.U.RAKHANGI CHK.		0	313	48	WLD
4639	ATRIA SCTY.		0	29	64	MUL
4640	RUTU TOWER		0	29	64	MUL
4641	BHARAT BIJALI CO.		0	195	63	MUL
4642	CARDINAL GRECIOUS SCH/TEACHER CLY		0	66	16	DH
4643	SHIVSHAKTI NGR.		0	753	30	ANK
4644	BUNTARA BHAVAN		0	753	30	ANK
4645	KAMGAR NGR.	U	0	248	30	ANK
4646	NAIK NGR.	D	0	280	30	ANK
4647	KURLA S.T.DEPOT	U	0	544	30	ANK
4648	KURLA S.T.DEPOT	D	0	280	30	ANK
4649	ANJANABAI MAGAR	D	0	50	31	KLD
4650	MARVE RD./SWAMI SHIVANAND CHK.	U	0	27	27	MLV
4651	ANJANBAI MAGAR	U	0	50	31	KLD
4652	SANATAN DHARM VIDYALAYA	U	0	178	128	ANK
4653	BYCULLA STN (E)	D	0	97	7	WD
4654	KALANGR.	D	0	145	17	DH
4655	M.I.G.CLY.	D	0	145	17	DH
4656	GANDHI NGR./CHETANA COLLEGE	D	0	145	17	DH
4657	GANDHI NGR./CHETANA COLLEGE	U	0	145	17	DH
4658	STUDENT REQUEST STOP		0	536	27	MLV
4659	BALKRISHNA R.GAWADE CHK.	U	0	83	134	WLD
4660	DHARAVI DEPOT/KOLIWADA		0	300	111	DH
4661	HIGHWAY APT.		0	13	67	ANK
4662	AZAD NGR.		0	63	132	KLD
4663	C.C.I.		0	298	60	BB
4664	BAJAJ BHAVAN	U	0	492	144	BB
4665	G.P.O.		0	139	97	BB
4666	CHH. SHIVAJI TERMINUS		0	754	97	BB
4667	N.C.P.A./BAJAJ BHAVAN		0	491	144	BB
4668	RIDDHI SIDDHI		0	513	205	OSH
4669	SEEPZ VILLAGE/REL.ENGY. TR.CENTRE		0	143	179	MJ
4670	ANAND HOSPITAL		0	377	99	MGT
4671	BANDRA BUS STN./P.MOHD.RAFI CHK.		0	2	18	BND
4672	AMBOLI NAKA		0	315	15	OSH
4673	KURLA S.T.DEPOT		0	544	30	ANK
4674	S.G.BARVE MARG JUN.		0	248	30	ANK
4675	GANDHI NGR.	U	0	89	36	VKD
4676	GANDHI NGR.	D	0	143	36	VKD
4677	SAMRAT ASHOK NGR.		0	416	95	DNR
4678	HIRANANDANI POWAI BUS STN.		0	229	206	VKD
4679	BUSA UDHYOG BHAVAN	D	0	359	47	WD
4680	ALIKA NGR.		0	29	28	DIN
4681	MHADA CLY.		0	29	28	DIN
4682	SEEPZ VILLAGE	D	0	143	179	MJ
4683	SEEPZ VILLAGE	U	0	143	179	MJ
4684	SUNDER BAUG (KAMANI)		0	29	207	KLD
4685	KAMANI	U	0	29	207	KLD
4686	KAMANI	D	0	50	207	KLD
4687	MARATHON CHK.(TEEN HATH NAKA)	U	0	13	64	MUL
4688	MARATHON CHK.(TEEN HATH NAKA)	D	0	50	41	MUL
4689	A.P.M.C. MARKET (SOUTH GATE)		0	29	9	DNR
4690	GANDHI NGR.	U	0	50	36	VKD
4691	AMBIKA NGR.		0	755	64	MUL
4692	E.S.I.S.HOSPITAL (THANE)		0	756	64	MUL
4693	RUNWAL PLAZA		0	29	64	MUL
4694	VARTAK NGR.		0	757	64	MUL
4695	SHASTRI NGR.(THANE)		0	757	64	MUL
4696	LAXMINARAYAN RESIDENCY		0	29	64	MUL
4697	GLAXO CO.		0	726	64	MUL
4698	GANDHI NGR.		0	726	64	MUL
4699	VEER SAWARKAR NGR.		0	29	64	MUL
4700	M.I.D.C.(MIRA RD.)		0	29	8	MGT
4701	MIRA VILLAGE/KRISHNASTHAL COMPLEX		0	29	8	MGT
4702	PLESENT PARK (MIRA RD.)		0	759	151	MGT
4703	SANGHVI NGR.(MIRA RD.)		0	693	8	MGT
4704	GREEN PARK (MIRA RD.)		0	759	151	MGT
4705	KASHIMIRA TEL.EXCH.		0	759	151	MGT
4706	SHRIKRISHNA GARDEN SCTY.		0	759	151	MGT
4707	STATE BANK (KAMANI)	U	0	50	207	KLD
4708	ANDHERI MARKET		0	315	15	OSH
4709	RADHA NGR.		0	642	26	DIN
4710	WADALA ROAD/ REFINERIES		0	760	115	ANK
4711	JACKERIA BUNDER	U	0	359	47	WD
4712	JACKERIA BUNDER	D	0	88	157	WD
4713	RAM GANESH GADKARI CHK	U	0	263	14	WLD
4714	ELPHINSTON  RLY STN.	U	0	635	140	WLD
